timestamp,username,course,week,mode,motivation_state,persistence_level,affective_score,performance_score,session_completion_rate,consecutive_correct,consecutive_incorrect,time_on_task,help_seeking_frequency,cognitive_load,zpd_score,motivation_score,fatigue_level
2025-08-08T16:01:01.331916,Teri2,CMP511,1,AppMode.QUIZ,cold_start,PersistenceLevel.MAINTAINS_PERSISTENCE,0.0,0.5,0.0,0,0,0.0007677333333333333,0.0,3.0599999999999996,0.5,0.0,0.02
2025-08-08T18:31:06.922752,Teri2,CMP511,1,AppMode.QUIZ,cold_start,PersistenceLevel.MAINTAINS_PERSISTENCE,0.0,0.5,0.0,0,0,0.0004526833333333334,0.0,3.28,0.5,0.0,0.02
2025-08-08T18:31:24.034552,Teri2,CMP511,1,AppMode.QUIZ,cold_start,PersistenceLevel.MAINTAINS_PERSISTENCE,-0.12,0.5,0.0,0,0,0.28572691666666666,0.0,3.378181818181818,0.5,0.0,0.02
2025-08-08T18:33:50.512222,Teri2,CMP511,1,AppMode.QUIZ,cold_start,PersistenceLevel.MAINTAINS_PERSISTENCE,-0.016,0.5,0.0,0,0,0.0007491166666666667,0.0,3.28,0.5,0.0,0.02
2025-08-08T18:34:18.938704,Teri2,CMP511,1,AppMode.QUIZ,motivation_plateau,PersistenceLevel.MAINTAINS_PERSISTENCE,-0.013600000000000001,0.5,0.0,0,0,0.4745445333333333,0.0,3.378181818181818,0.5,0.0,0.02
2025-08-08T18:34:49.687472,Teri2,CMP511,1,AppMode.TUTOR,motivation_plateau,PersistenceLevel.MAINTAINS_PERSISTENCE,-0.011968000000000001,0.5,0.0,0,0,0.00042911666666666664,0.0,3.28,0.5,0.0,0.02
2025-08-08T18:48:58.238177,Teri2,CMP511,1,AppMode.QUIZ,motivation_plateau,PersistenceLevel.MAINTAINS_PERSISTENCE,-0.012925440000000003,0.5,0.0,0,0,0.0007397500000000001,0.0,3.28,0.5,0.0,0.02
2025-08-08T18:50:31.948917,Teri2,CMP511,1,AppMode.QUIZ,motivation_plateau,PersistenceLevel.MAINTAINS_PERSISTENCE,-0.013959475200000002,0.5,0.0,0,0,1.56262165,0.0,3.378181818181818,0.5,0.0,0.02
2025-08-08T18:50:59.969369,Teri2,CMP511,1,AppMode.TUTOR,motivation_plateau,PersistenceLevel.MAINTAINS_PERSISTENCE,-0.0054762332160000005,0.5,0.0,0,0,0.0004203,0.0,3.28,0.5,0.0,0.02
2025-08-08T18:51:43.316113,Teri2,CMP511,1,AppMode.TUTOR,motivation_plateau,PersistenceLevel.MAINTAINS_PERSISTENCE,0.14286566812672,0.5,0.0,0,0,0.7188493833333334,0.0,4.279999999999999,0.5,0.0,0.02
2025-08-08T19:11:09.625813,Teri2,CMP511,1,AppMode.TUTOR,motivation_plateau,PersistenceLevel.MAINTAINS_PERSISTENCE,0.007882921576857601,0.5,0.0,0,0,0.0007698833333333333,0.0,3.28,0.5,0.0,0.02
2025-08-08T19:11:21.290906,Teri2,CMP511,1,AppMode.TUTOR,motivation_plateau,PersistenceLevel.MAINTAINS_PERSISTENCE,0.009470995303006208,0.5,0.0,0,0,0.19047731666666667,0.0,3.28,0.5,0.0,0.02
2025-08-08T19:14:16.827742,Teri2,CMP511,1,AppMode.TUTOR,motivation_plateau,PersistenceLevel.MAINTAINS_PERSISTENCE,0.011262710127246705,0.5,0.0,0,0,0.0004636333333333333,0.0,3.28,0.5,0.0,0.02
2025-08-08T19:14:39.369287,Teri2,CMP511,1,AppMode.TUTOR,motivation_plateau,PersistenceLevel.MAINTAINS_PERSISTENCE,0.013280484953426442,0.5,0.0,0,0,0.3721635,0.0,3.28,0.5,0.0,0.02
2025-08-08T19:15:21.573633,Teri2,CMP511,1,AppMode.QUIZ,motivation_plateau,PersistenceLevel.MAINTAINS_PERSISTENCE,0.014781022406980555,0.5,0.0,0,0,0.0004756166666666667,0.0,3.28,0.5,0.0,0.02
2025-08-08T19:15:49.189698,Teri2,CMP511,1,AppMode.QUIZ,motivation_plateau,PersistenceLevel.MAINTAINS_PERSISTENCE,0.004534250749401401,0.5,0.0,0,0,0.4608642333333333,0.0,3.378181818181818,0.5,0.0,0.02
2025-08-08T19:16:16.565229,Teri2,CMP511,1,AppMode.QUIZ,motivation_plateau,PersistenceLevel.MAINTAINS_PERSISTENCE,0.004266357083204906,0.5,0.0,0,1,0.9171311666666667,0.0,3.396363636363636,0.5,0.0,0.02
2025-08-08T19:17:36.211422,Teri2,CMP511,1,AppMode.QUIZ,motivation_plateau,PersistenceLevel.MAINTAINS_PERSISTENCE,0.003849986025620801,0.5,0.0,0,2,2.24456125,0.0,3.414545454545454,0.5,0.0,0.02
2025-08-08T19:18:03.577298,Teri2,CMP511,1,AppMode.QUIZ,motivation_plateau,PersistenceLevel.MAINTAINS_PERSISTENCE,0.0032569680974907284,0.5,0.0,0,3,2.7006666166666666,0.0,3.4327272727272726,0.5,0.0,0.02
2025-08-08T19:18:04.073122,Teri2,CMP511,1,AppMode.QUIZ,motivation_plateau,PersistenceLevel.MAINTAINS_PERSISTENCE,0.002455086749015872,0.5,0.0,0,3,2.7089350999999997,0.0,3.4327272727272726,0.5,0.0,0.02
2025-08-08T19:18:06.923727,Teri2,CMP511,1,AppMode.QUIZ,motivation_plateau,PersistenceLevel.MAINTAINS_PERSISTENCE,0.001469011896378697,0.5,0.0,0,3,2.7472184833333335,0.0,3.4327272727272726,0.5,0.0,0.02
2025-08-08T19:18:09.519381,Teri2,CMP511,1,AppMode.QUIZ,motivation_plateau,PersistenceLevel.MAINTAINS_PERSISTENCE,0.0012237927881368804,0.5,0.0,0,3,2.7996725833333334,0.0,3.4327272727272726,0.5,0.0,0.02
2025-08-08T19:18:28.117053,Teri2,CMP511,1,AppMode.QUIZ,motivation_plateau,PersistenceLevel.MAINTAINS_PERSISTENCE,0.0009803876445314383,0.5,0.0,0,4,3.1096616166666666,0.0,3.4509090909090907,0.5,0.0,0.02
2025-08-08T19:36:03.796481,Teri2,CMP511,1,AppMode.TUTOR,motivation_plateau,PersistenceLevel.MAINTAINS_PERSISTENCE,0.0007508197740442894,0.5,0.0,0,0,0.0007702000000000001,0.0,3.28,0.5,0.0,0.02
2025-08-08T19:36:54.828098,Teri2,CMP511,1,AppMode.TUTOR,motivation_plateau,PersistenceLevel.MAINTAINS_PERSISTENCE,0.016264613622454287,0.5,0.0,0,0,0.84768785,0.0,4.279999999999999,0.5,0.0,0.02
2025-08-08T19:37:30.507020,Teri2,CMP511,1,AppMode.QUIZ,motivation_plateau,PersistenceLevel.MAINTAINS_PERSISTENCE,0.0016550900580436475,0.5,0.0,0,0,0.0004772166666666666,0.0,3.28,0.5,0.0,0.02
2025-08-08T19:38:38.408347,Teri2,CMP511,1,AppMode.QUIZ,motivation_plateau,PersistenceLevel.MAINTAINS_PERSISTENCE,0.0016699763109768433,0.5,0.0,0,0,1.1320118833333335,0.0,3.378181818181818,0.5,0.0,0.02
2025-08-08T19:39:07.500348,Teri2,CMP511,1,AppMode.QUIZ,motivation_plateau,PersistenceLevel.MAINTAINS_PERSISTENCE,0.0017056709928040406,0.5,0.0,0,1,1.6170701833333332,0.0,3.396363636363636,0.5,0.0,0.02
2025-08-09T13:03:36.632217,Teri2,CMP511,1,AppMode.TUTOR,motivation_plateau,PersistenceLevel.MAINTAINS_PERSISTENCE,0.0017636936606658486,0.5,0.0,0,0,0.0007943166666666666,0.0,3.28,0.5,0.0,0.02
2025-08-09T13:05:57.415244,Teri2,CMP511,1,AppMode.TUTOR,motivation_plateau,PersistenceLevel.MAINTAINS_PERSISTENCE,0.008844723571595582,0.5,0.0,0,0,2.343656866666667,0.0,4.279999999999999,0.5,0.0,0.02
2025-08-09T13:07:18.868666,Teri2,CMP511,1,AppMode.TUTOR,motivation_plateau,PersistenceLevel.MAINTAINS_PERSISTENCE,0.20875113236752688,0.5,0.0,0,0,3.7012121166666665,0.0,4.279999999999999,0.5,0.0,0.02
2025-08-09T13:08:36.311917,Teri2,CMP511,1,AppMode.QUIZ,motivation_plateau,PersistenceLevel.MAINTAINS_PERSISTENCE,0.017818815752285538,0.5,0.0,0,0,0.0004956833333333333,0.0,3.28,0.5,0.0,0.02
2025-08-09T13:08:57.161228,Teri2,CMP511,1,AppMode.QUIZ,motivation_plateau,PersistenceLevel.MAINTAINS_PERSISTENCE,-0.10088927709240976,0.5,0.0,0,0,0.34802585,0.0,3.378181818181818,0.5,0.0,0.02
2025-08-09T13:09:33.530993,Teri2,CMP511,1,AppMode.QUIZ,motivation_plateau,PersistenceLevel.MAINTAINS_PERSISTENCE,0.010903127060773126,0.5,0.0,0,1,0.9541787333333333,0.0,3.396363636363636,0.5,0.0,0.02
2025-08-09T13:10:48.007958,Teri2,CMP511,1,AppMode.QUIZ,motivation_plateau,PersistenceLevel.MAINTAINS_PERSISTENCE,0.011634281732781707,0.5,0.0,0,2,2.19545435,0.0,3.414545454545454,0.5,0.0,0.02
2025-08-09T13:11:44.662634,Teri2,CMP511,1,AppMode.QUIZ,motivation_plateau,PersistenceLevel.MAINTAINS_PERSISTENCE,0.011857446385676599,0.5,0.0,0,3,3.1397172666666666,0.0,3.4327272727272726,0.5,0.0,0.02
2025-08-09T13:38:54.678092,Teri2,CMP511,1,AppMode.QUIZ,motivation_plateau,PersistenceLevel.MAINTAINS_PERSISTENCE,-0.0038940484928714236,0.5,0.0,0,0,0.0008015,0.0,3.28,0.5,0.0,0.02
2025-08-09T13:39:23.378218,Teri2,CMP511,1,AppMode.QUIZ,motivation_plateau,PersistenceLevel.MAINTAINS_PERSISTENCE,-0.005631077632483981,0.5,0.0,0,0,0.4791626666666666,0.0,3.378181818181818,0.5,0.0,0.02
2025-08-09T13:43:30.851848,Teri2,CMP511,1,AppMode.QUIZ,motivation_plateau,PersistenceLevel.MAINTAINS_PERSISTENCE,0.0019895783243100824,0.5,0.0,0,0,0.00046929999999999997,0.0,3.28,0.5,0.0,0.02
2025-08-09T13:43:54.039474,Teri2,CMP511,1,AppMode.QUIZ,motivation_plateau,PersistenceLevel.MAINTAINS_PERSISTENCE,0.0012764944253930387,0.5,0.0,0,0,0.38688038333333336,0.0,3.378181818181818,0.5,0.0,0.02
2025-08-09T13:44:15.984804,Teri2,CMP511,1,AppMode.QUIZ,motivation_plateau,PersistenceLevel.MAINTAINS_PERSISTENCE,0.00044787144080194526,0.5,0.0,0,1,0.7527068,0.0,3.396363636363636,0.5,0.0,0.02
2025-08-09T13:44:38.482073,Teri2,CMP511,1,AppMode.QUIZ,motivation_plateau,PersistenceLevel.MAINTAINS_PERSISTENCE,-0.0004648945547880271,0.5,0.0,1,0,1.1276710166666668,0.0,3.414545454545454,0.5,0.0,0.02
2025-08-09T13:45:19.893019,Teri2,CMP511,1,AppMode.QUIZ,motivation_plateau,PersistenceLevel.MAINTAINS_PERSISTENCE,-0.00019056223974135537,0.5,0.0,2,0,1.81785905,0.0,3.4327272727272726,0.5,0.0,0.02
2025-08-09T13:49:08.050856,Teri2,CMP511,1,AppMode.QUIZ,motivation_plateau,PersistenceLevel.MAINTAINS_PERSISTENCE,0.0002446789916780547,0.5,0.0,0,1,5.620450783333334,0.0,3.4509090909090907,0.5,0.0,0.02
2025-08-09T13:49:42.521017,Teri2,CMP511,1,AppMode.QUIZ,motivation_plateau,PersistenceLevel.MAINTAINS_PERSISTENCE,0.00010508704506749251,0.5,0.0,0,2,6.194987633333333,0.0,3.469090909090909,0.5,0.0,0.02
2025-08-09T13:50:12.530952,Teri2,CMP511,1,AppMode.TUTOR,motivation_plateau,PersistenceLevel.MAINTAINS_PERSISTENCE,1.13744546414488e-05,0.5,0.0,0,0,0.00046479999999999997,0.0,3.28,0.5,0.0,0.02
2025-08-09T13:50:32.635103,Teri2,CMP511,1,AppMode.TUTOR,motivation_plateau,PersistenceLevel.MAINTAINS_PERSISTENCE,-2.3545304251390912e-05,0.5,0.0,0,0,0.33145030000000003,0.0,3.28,0.5,0.0,0.02
2025-08-09T14:08:55.679296,Teri2,CMP511,1,AppMode.QUIZ,motivation_plateau,PersistenceLevel.MAINTAINS_PERSISTENCE,1.1762635791539979e-05,0.5,0.0,0,0,0.0004700666666666667,0.0,3.28,0.5,0.0,0.02
2025-08-09T14:11:42.413974,Teri2,CMP511,1,AppMode.QUIZ,motivation_plateau,PersistenceLevel.MAINTAINS_PERSISTENCE,2.7948625834171606e-05,0.5,0.0,0,0,0.00074785,0.0,3.28,0.5,0.0,0.02
2025-08-09T14:13:20.825135,Teri2,CMP511,1,AppMode.QUIZ,motivation_plateau,PersistenceLevel.MAINTAINS_PERSISTENCE,1.061019656666096e-05,0.5,0.0,0,0,1.6409449333333332,0.0,3.1781818181818178,0.5,0.0,0.02
2025-08-09T14:13:46.976106,Teri2,CMP511,1,AppMode.QUIZ,motivation_plateau,PersistenceLevel.MAINTAINS_PERSISTENCE,0.21000305204868658,0.5,0.0,1,0,2.0768192500000002,0.0,3.096363636363636,0.5,0.0,0.02
2025-08-09T14:14:40.100888,Teri2,CMP511,1,AppMode.QUIZ,motivation_plateau,PersistenceLevel.MAINTAINS_PERSISTENCE,0.016802386256210205,0.5,0.0,2,0,2.96220515,0.0,3.414545454545454,0.5,0.0,0.02
2025-08-09T14:15:18.012066,Teri2,CMP511,1,AppMode.QUIZ,motivation_plateau,PersistenceLevel.MAINTAINS_PERSISTENCE,0.01814846078104713,0.5,0.0,0,1,3.5940341499999997,0.0,3.2327272727272724,0.5,0.0,0.02
2025-08-09T14:17:03.875115,Teri2,CMP511,1,AppMode.QUIZ,motivation_plateau,PersistenceLevel.MAINTAINS_PERSISTENCE,0.013103670136941085,0.5,0.0,1,0,5.3584687833333335,0.0,3.650909090909091,0.5,0.0,0.02
2025-08-09T14:17:27.924181,Teri2,CMP511,1,AppMode.QUIZ,motivation_plateau,PersistenceLevel.MAINTAINS_PERSISTENCE,0.020645454353556133,0.5,0.0,2,0,5.7592845666666665,0.0,3.269090909090909,0.5,0.0,0.02
2025-08-09T14:17:55.368682,Teri2,CMP511,1,AppMode.QUIZ,motivation_plateau,PersistenceLevel.MAINTAINS_PERSISTENCE,0.23229624188611528,0.5,0.0,3,0,6.216693966666667,0.0,3.187272727272727,0.5,0.0,0.02
2025-08-09T14:17:55.669682,Teri2,CMP511,1,AppMode.QUIZ,motivation_plateau,PersistenceLevel.MAINTAINS_PERSISTENCE,0.23407969707310958,0.5,0.0,3,0,6.221716833333333,0.0,3.187272727272727,0.5,0.0,0.02
2025-08-09T14:18:31.797816,Teri2,CMP511,1,AppMode.QUIZ,motivation_plateau,PersistenceLevel.MAINTAINS_PERSISTENCE,0.04146188193846154,0.5,0.0,0,1,6.823843633333333,0.0,3.5054545454545454,0.5,0.0,0.02
2025-08-09T14:18:52.556403,Teri2,CMP511,1,AppMode.QUIZ,motivation_plateau,PersistenceLevel.MAINTAINS_PERSISTENCE,0.043326955631054695,0.5,0.0,1,0,7.169822783333333,0.0,3.3236363636363633,0.5,0.0,0.02
2025-08-09T14:20:15.140412,Teri2,CMP511,1,AppMode.QUIZ,maintained_high,PersistenceLevel.ENHANCED_PERSISTENCE,0.04054958037534569,0.5,0.0,2,0,8.546201633333334,0.0,3.7418181818181817,0.5,0.0,0.02
2025-08-09T14:26:56.667748,Teri2,CMP511,1,AppMode.QUIZ,maintained_high,PersistenceLevel.ENHANCED_PERSISTENCE,-0.09112438990921151,0.5,0.0,3,0,15.238328300000001,0.0,3.36,0.5,0.0,0.02
2025-08-09T14:54:34.965471,Teri2,CMP511,1,AppMode.QUIZ,motivation_plateau,PersistenceLevel.MAINTAINS_PERSISTENCE,0.0214634980087008,0.5,0.0,0,0,0.0007483,0.0,3.28,0.5,0.0,0.02
2025-08-09T14:54:55.015717,Teri2,CMP511,1,AppMode.QUIZ,motivation_plateau,PersistenceLevel.MAINTAINS_PERSISTENCE,0.004454202083548096,0.5,0.0,0,0,0.33495341666666667,0.0,3.1781818181818178,0.5,0.0,0.02
2025-08-09T14:56:37.902870,Teri2,CMP511,1,AppMode.QUIZ,motivation_plateau,PersistenceLevel.MAINTAINS_PERSISTENCE,0.21149358769515503,0.5,0.0,0,1,2.0497397166666667,0.0,3.096363636363636,0.5,0.0,0.02
2025-08-09T14:57:31.488329,Teri2,CMP511,1,AppMode.QUIZ,motivation_plateau,PersistenceLevel.MAINTAINS_PERSISTENCE,0.014946918260283049,0.5,0.0,1,0,2.942831216666667,0.0,3.414545454545454,0.5,0.0,0.02
2025-08-09T14:58:08.648831,Teri2,CMP511,1,AppMode.QUIZ,motivation_plateau,PersistenceLevel.MAINTAINS_PERSISTENCE,0.012898705291078037,0.5,0.0,2,0,3.5621611333333334,0.0,3.2327272727272724,0.5,0.0,0.02
2025-08-09T14:59:35.794645,Teri2,CMP511,1,AppMode.QUIZ,motivation_plateau,PersistenceLevel.MAINTAINS_PERSISTENCE,0.053220552907101204,0.5,0.0,3,0,5.0146068,0.0,3.650909090909091,0.5,0.0,0.02
2025-08-09T15:00:15.370338,Teri2,CMP511,1,AppMode.QUIZ,motivation_plateau,PersistenceLevel.MAINTAINS_PERSISTENCE,0.08376111729897323,0.5,0.0,0,1,5.674178683333333,0.0,3.269090909090909,0.5,0.0,0.02
2025-08-09T15:00:32.090068,Teri2,CMP511,1,AppMode.QUIZ,motivation_plateau,PersistenceLevel.MAINTAINS_PERSISTENCE,-0.2098943294837928,0.5,0.0,1,0,5.95286105,0.0,3.187272727272727,0.5,0.0,0.02
2025-08-09T15:01:00.876259,Teri2,CMP511,1,AppMode.QUIZ,motivation_plateau,PersistenceLevel.MAINTAINS_PERSISTENCE,-0.0036053628581085833,0.5,0.0,2,0,6.432625633333333,0.0,3.5054545454545454,0.5,0.0,0.02
2025-08-09T15:01:19.915757,Teri2,CMP511,1,AppMode.QUIZ,motivation_plateau,PersistenceLevel.MAINTAINS_PERSISTENCE,-0.07432031457834914,0.5,0.0,3,0,6.7499566333333325,0.0,3.3236363636363633,0.5,0.0,0.02
2025-08-09T15:01:41.486451,Teri2,CMP511,1,AppMode.QUIZ,maintained_high,PersistenceLevel.ENHANCED_PERSISTENCE,-0.012067066937134089,0.5,0.0,4,0,7.109464166666667,0.0,3.7418181818181817,0.5,0.0,0.02
2025-08-09T16:59:29.164142,Teri2,CMP511,1,AppMode.QUIZ,motivation_plateau,PersistenceLevel.MAINTAINS_PERSISTENCE,-0.01729007652467291,0.5,0.0,0,0,0.0007524833333333333,0.0,3.28,0.5,0.0,0.02
2025-08-09T16:59:44.986133,Teri2,CMP511,1,AppMode.QUIZ,motivation_plateau,PersistenceLevel.MAINTAINS_PERSISTENCE,-0.025374172030564607,0.5,0.0,0,0,0.26446735,0.0,3.1781818181818178,0.5,0.0,0.02
2025-08-09T17:00:05.770232,Teri2,CMP511,1,AppMode.QUIZ,motivation_plateau,PersistenceLevel.MAINTAINS_PERSISTENCE,-0.2506125594343064,0.5,0.0,1,0,0.61087975,0.0,3.096363636363636,0.5,0.0,0.02
2025-08-09T17:00:32.615082,Teri2,CMP511,1,AppMode.QUIZ,motivation_plateau,PersistenceLevel.MAINTAINS_PERSISTENCE,-0.030373135160402173,0.5,0.0,2,0,1.05828005,0.0,3.414545454545454,0.5,0.0,0.02
2025-08-09T17:01:09.464207,Teri2,CMP511,1,AppMode.QUIZ,motivation_plateau,PersistenceLevel.MAINTAINS_PERSISTENCE,-0.026857360806966414,0.5,0.0,3,0,1.6724491333333333,0.0,3.2327272727272724,0.5,0.0,0.02
2025-08-09T17:01:51.239819,Teri2,CMP511,1,AppMode.QUIZ,motivation_plateau,PersistenceLevel.MAINTAINS_PERSISTENCE,-0.028040584316553003,0.5,0.0,4,0,2.3687148,0.0,3.650909090909091,0.5,0.0,0.02
2025-08-09T17:05:16.298382,Teri2,CMP511,1,AppMode.QUIZ,motivation_plateau,PersistenceLevel.MAINTAINS_PERSISTENCE,-0.02890062493990341,0.5,0.0,0,0,0.0007465000000000001,0.0,3.28,0.5,0.0,0.02
2025-08-09T17:05:28.914269,Teri2,CMP511,1,AppMode.QUIZ,motivation_plateau,PersistenceLevel.MAINTAINS_PERSISTENCE,-0.029182741172650514,0.5,0.0,0,0,0.21103463333333333,0.0,3.1781818181818178,0.5,0.0,0.02
2025-08-09T17:08:17.705984,Teri2,CMP511,1,AppMode.QUIZ,motivation_plateau,PersistenceLevel.MAINTAINS_PERSISTENCE,-0.011468355711718042,0.5,0.0,0,0,0.00043395,0.0,3.28,0.5,0.0,0.02
2025-08-09T17:08:34.797189,Teri2,CMP511,1,AppMode.QUIZ,motivation_plateau,PersistenceLevel.MAINTAINS_PERSISTENCE,0.020044026644176698,0.5,0.0,0,0,0.28531481666666664,0.0,3.1781818181818178,0.5,0.0,0.02
2025-08-09T17:08:52.905183,Teri2,CMP511,1,AppMode.QUIZ,motivation_plateau,PersistenceLevel.MAINTAINS_PERSISTENCE,-0.2462038623597319,0.5,0.0,1,0,0.5871073166666666,0.0,3.096363636363636,0.5,0.0,0.02
2025-08-09T17:09:20.229262,Teri2,CMP511,1,AppMode.QUIZ,motivation_plateau,PersistenceLevel.MAINTAINS_PERSISTENCE,-0.023656924603186177,0.5,0.0,2,0,1.04252095,0.0,3.414545454545454,0.5,0.0,0.02
2025-08-09T17:48:28.230228,Teri2,CMP511,1,AppMode.TUTOR,motivation_plateau,PersistenceLevel.MAINTAINS_PERSISTENCE,-0.0232374285762488,0.5,0.0,0,0,0.0007675666666666667,0.0,3.28,0.5,0.0,0.02
2025-08-09T19:48:23.121785,Teri2,CMP511,1,AppMode.TUTOR,motivation_plateau,PersistenceLevel.MAINTAINS_PERSISTENCE,-0.02276180356853666,0.5,0.0,0,0,0.00075705,0.0,3.28,0.5,0.0,0.02
2025-08-12T13:49:16.413157,Teri2,CMP511,1,AppMode.QUIZ,motivation_plateau,PersistenceLevel.MAINTAINS_PERSISTENCE,-0.02366527939708215,0.5,0.0,0,0,0.0007756499999999999,0.0,3.28,0.5,0.0,0.02
2025-08-12T13:49:40.257426,Teri2,CMP511,1,AppMode.QUIZ,motivation_plateau,PersistenceLevel.MAINTAINS_PERSISTENCE,-0.027162023880382857,0.5,0.0,0,0,0.39821448333333337,0.0,3.1781818181818178,0.5,0.0,0.02
2025-08-12T13:50:56.678069,Teri2,CMP511,1,AppMode.QUIZ,motivation_plateau,PersistenceLevel.MAINTAINS_PERSISTENCE,-0.009638676802034932,0.5,0.0,0,0,0.00044564999999999996,0.0,3.28,0.5,0.0,0.02
2025-08-12T13:51:16.342627,Teri2,CMP511,1,AppMode.QUIZ,motivation_plateau,PersistenceLevel.MAINTAINS_PERSISTENCE,-0.008517216977942834,0.5,0.0,0,0,0.32822301666666664,0.0,3.1781818181818178,0.5,0.0,0.02
2025-08-12T14:00:04.674056,Teri2,CMP511,1,AppMode.QUIZ,motivation_plateau,PersistenceLevel.MAINTAINS_PERSISTENCE,-0.007339600050078356,0.5,0.0,0,0,0.0004895666666666667,0.0,3.28,0.5,0.0,0.02
2025-08-12T14:00:22.664969,Teri2,CMP511,1,AppMode.QUIZ,motivation_plateau,PersistenceLevel.MAINTAINS_PERSISTENCE,-0.006105823768601691,0.5,0.0,0,0,0.30046065,0.0,3.1781818181818178,0.5,0.0,0.02
2025-08-12T14:01:43.668866,Teri2,CMP511,1,AppMode.QUIZ,motivation_plateau,PersistenceLevel.MAINTAINS_PERSISTENCE,-0.004701067318323253,0.5,0.0,0,0,0.0007470166666666666,0.0,3.28,0.5,0.0,0.02
2025-08-12T14:01:57.771664,Teri2,CMP511,1,AppMode.QUIZ,motivation_plateau,PersistenceLevel.MAINTAINS_PERSISTENCE,-0.0029041907933584857,0.5,0.0,0,0,0.23577260000000003,0.0,3.1781818181818178,0.5,0.0,0.02
2025-08-12T14:02:42.697104,Teri2,CMP511,1,AppMode.QUIZ,motivation_plateau,PersistenceLevel.MAINTAINS_PERSISTENCE,0.20763456808733563,0.5,0.0,1,0,0.9845877833333333,0.0,3.096363636363636,0.5,0.0,0.02
2025-08-12T14:03:26.483939,Teri2,CMP511,1,AppMode.QUIZ,motivation_plateau,PersistenceLevel.MAINTAINS_PERSISTENCE,0.01492671089255791,0.5,0.0,2,0,1.71436765,0.0,3.414545454545454,0.5,0.0,0.02
2025-08-12T14:03:53.070278,Teri2,CMP511,1,AppMode.QUIZ,motivation_plateau,PersistenceLevel.MAINTAINS_PERSISTENCE,0.016708015767968806,0.5,0.0,0,1,2.157458533333333,0.0,3.2327272727272724,0.5,0.0,0.02
2025-08-12T14:07:24.496185,Teri2,CMP511,1,AppMode.QUIZ,motivation_plateau,PersistenceLevel.MAINTAINS_PERSISTENCE,0.018533122930894447,0.5,0.0,1,0,5.681228666666667,0.0,3.650909090909091,0.5,0.0,0.02
2025-08-12T14:07:56.604677,Teri2,CMP511,1,AppMode.QUIZ,motivation_plateau,PersistenceLevel.MAINTAINS_PERSISTENCE,0.02039185815083186,0.5,0.0,0,1,6.216355366666666,0.0,3.269090909090909,0.5,0.0,0.02
2025-08-12T14:08:13.798524,Teri2,CMP511,1,AppMode.QUIZ,motivation_plateau,PersistenceLevel.MAINTAINS_PERSISTENCE,-0.21774445793363295,0.5,0.0,1,0,6.502939283333333,0.0,3.187272727272727,0.5,0.0,0.02
2025-08-12T14:08:59.475268,Teri2,CMP511,1,AppMode.QUIZ,motivation_plateau,PersistenceLevel.MAINTAINS_PERSISTENCE,-0.011774780015310397,0.5,0.0,2,0,7.264212,0.0,3.5054545454545454,0.5,0.0,0.02
2025-08-12T14:09:36.757454,Teri2,CMP511,1,AppMode.QUIZ,motivation_plateau,PersistenceLevel.MAINTAINS_PERSISTENCE,-0.08314166851870909,0.5,0.0,0,1,7.885583433333333,0.0,3.3236363636363633,0.5,0.0,0.02
2025-08-12T14:10:08.732791,Teri2,CMP511,1,AppMode.QUIZ,maintained_high,PersistenceLevel.ENHANCED_PERSISTENCE,-0.02189887403087409,0.5,0.0,1,0,8.418509716666668,0.0,3.7418181818181817,0.5,0.0,0.02
2025-08-12T14:10:41.391304,Teri2,CMP511,1,AppMode.QUIZ,maintained_high,PersistenceLevel.ENHANCED_PERSISTENCE,0.21486656621218442,0.5,0.0,0,1,8.962818116666666,0.0,3.36,0.5,0.0,0.02
2025-08-12T15:11:07.883083,Teri2,CMP511,1,AppMode.TUTOR,motivation_plateau,PersistenceLevel.MAINTAINS_PERSISTENCE,-0.009575457142907369,0.5,0.0,0,0,0.00042385,0.0,3.28,0.5,0.0,0.02
2025-08-12T15:12:58.778321,Teri2,CMP511,1,AppMode.TUTOR,motivation_plateau,PersistenceLevel.MAINTAINS_PERSISTENCE,0.13707806292035069,0.5,0.0,0,0,1.8455565666666667,0.0,4.279999999999999,0.5,0.0,0.02
2025-08-12T15:14:18.151978,Teri2,CMP511,1,AppMode.TUTOR,motivation_plateau,PersistenceLevel.MAINTAINS_PERSISTENCE,0.018986290355203564,0.5,0.0,0,0,3.1684586666666665,0.0,4.279999999999999,0.5,0.0,0.02
2025-08-12T15:15:11.156848,Teri2,CMP511,1,AppMode.TUTOR,motivation_plateau,PersistenceLevel.MAINTAINS_PERSISTENCE,0.02715652706511658,0.5,0.0,0,0,4.0518700999999995,0.0,3.28,0.5,0.0,0.02
2025-08-12T15:16:57.909673,Teri2,CMP511,1,AppMode.TUTOR,motivation_plateau,PersistenceLevel.MAINTAINS_PERSISTENCE,0.10308095915279583,0.5,0.0,0,0,5.83099265,0.0,4.279999999999999,0.5,0.0,0.02
2025-08-12T15:18:24.144010,Teri2,CMP511,1,AppMode.TUTOR,motivation_plateau,PersistenceLevel.MAINTAINS_PERSISTENCE,0.02213811058804474,0.5,0.0,0,0,7.2683267,0.0,4.279999999999999,0.5,0.0,0.02
2025-08-12T15:19:14.974419,Teri2,CMP511,1,AppMode.TUTOR,motivation_plateau,PersistenceLevel.MAINTAINS_PERSISTENCE,-0.0690748039934791,0.5,0.0,0,0,8.115498133333334,0.0,3.28,0.5,0.0,0.02
2025-08-12T15:21:12.689379,Teri2,CMP511,1,AppMode.TUTOR,motivation_plateau,PersistenceLevel.MAINTAINS_PERSISTENCE,0.008182966653414529,0.5,0.0,0,0,10.077417950000001,0.0,4.279999999999999,0.5,0.0,0.02
2025-08-14T08:54:17.466486,Teri2,CMP511,2,AppMode.TUTOR,motivation_plateau,PersistenceLevel.MAINTAINS_PERSISTENCE,0.007318700757271409,0.5,0.0,0,0,0.00044895,0.0,3.28,0.5,0.0,0.02
2025-08-14T08:54:53.489402,Teri2,CMP511,2,AppMode.TUTOR,motivation_plateau,PersistenceLevel.MAINTAINS_PERSISTENCE,0.005731674652643794,0.5,0.0,0,0,0.5969462166666666,0.0,3.4099999999999997,0.5,0.0,0.02
2025-08-14T08:55:32.427029,Teri2,CMP511,2,AppMode.QUIZ,motivation_plateau,PersistenceLevel.MAINTAINS_PERSISTENCE,-0.00205626810736837,0.5,0.0,0,0,0.00043023333333333335,0.0,3.28,0.5,0.0,0.02
2025-08-14T14:25:05.354726,Teri2,CMP511,2,AppMode.QUIZ,motivation_plateau,PersistenceLevel.MAINTAINS_PERSISTENCE,-0.003991818403001419,0.5,0.0,0,0,120.0,0.0,3.5676923076923073,0.5,0.0,0.02
2025-08-14T14:31:17.488813,Teri2,CMP511,2,AppMode.TUTOR,motivation_plateau,PersistenceLevel.MAINTAINS_PERSISTENCE,0.0012148204442367955,0.5,0.0,0,0,0.00044918333333333335,0.0,3.28,0.5,0.0,0.02
2025-08-14T14:31:46.351430,Teri2,CMP511,2,AppMode.TUTOR,motivation_plateau,PersistenceLevel.MAINTAINS_PERSISTENCE,0.0006573687475025768,0.5,0.0,0,0,0.47837596666666665,0.0,3.4099999999999997,0.5,0.0,0.02
2025-08-14T14:32:18.794044,Teri2,CMP511,2,AppMode.TUTOR,motivation_plateau,PersistenceLevel.MAINTAINS_PERSISTENCE,0.0001244621867210702,0.5,0.0,0,0,1.0190796666666666,0.0,3.4099999999999997,0.5,0.0,0.02
2025-08-15T15:07:14.926246,Teri2,CMP511,4,AppMode.TUTOR,motivation_plateau,PersistenceLevel.MAINTAINS_PERSISTENCE,-0.00032411481055274777,0.5,0.0,0,0,0.0007654,0.0,3.28,0.5,0.0,0.02
2025-08-15T15:07:58.240728,Teri2,CMP511,4,AppMode.TUTOR,motivation_plateau,PersistenceLevel.MAINTAINS_PERSISTENCE,-0.00018554254680749796,0.5,0.0,0,0,0.7181325333333334,0.0,3.4899999999999998,0.5,0.0,0.02
2025-08-15T15:08:58.179182,Teri2,CMP511,4,AppMode.QUIZ,motivation_plateau,PersistenceLevel.MAINTAINS_PERSISTENCE,0.00011895952168801574,0.5,0.0,0,0,0.00048123333333333334,0.0,3.28,0.5,0.0,0.02
2025-08-15T15:09:39.862121,Teri2,CMP511,4,AppMode.QUIZ,motivation_plateau,PersistenceLevel.MAINTAINS_PERSISTENCE,0.030031290647884124,0.5,0.0,0,0,0.6953291833333334,0.0,3.1742857142857144,0.5,0.0,0.02
2025-08-15T15:10:22.347081,Teri2,CMP511,4,AppMode.QUIZ,motivation_plateau,PersistenceLevel.MAINTAINS_PERSISTENCE,-0.23761879560008542,0.5,0.0,1,0,1.4033553833333334,0.0,3.088571428571428,0.5,0.0,0.02
2025-08-15T15:10:22.960167,Teri2,CMP511,4,AppMode.QUIZ,motivation_plateau,PersistenceLevel.MAINTAINS_PERSISTENCE,-0.25663825622302994,0.5,0.0,1,0,1.4135944833333334,0.0,3.088571428571428,0.5,0.0,0.02
2025-08-15T16:52:34.112139,Teri2,CMP511,4,AppMode.TUTOR,motivation_plateau,PersistenceLevel.MAINTAINS_PERSISTENCE,-0.037143387536028055,0.5,0.0,0,0,105.31598351666666,0.0,3.4899999999999998,0.5,0.0,0.02
2025-08-16T06:03:05.494055,Teri2,CMP511,1,AppMode.TUTOR,motivation_plateau,PersistenceLevel.MAINTAINS_PERSISTENCE,-0.04010001513516571,0.5,0.0,0,0,0.0007580666666666666,0.0,3.28,0.5,0.0,0.02
2025-08-16T06:07:52.554829,Teri2,CMP511,1,AppMode.TUTOR,motivation_plateau,PersistenceLevel.MAINTAINS_PERSISTENCE,-0.043317533107713996,0.5,0.0,0,0,0.00045221666666666666,0.0,3.28,0.5,0.0,0.02
2025-08-16T06:09:30.179849,Teri2,CMP511,2,AppMode.TUTOR,motivation_plateau,PersistenceLevel.MAINTAINS_PERSISTENCE,-0.04918543900816185,0.5,0.0,0,0,0.0004600166666666667,0.0,3.28,0.5,0.0,0.02
2025-08-16T06:09:50.750243,Teri2,CMP511,2,AppMode.TUTOR,motivation_plateau,PersistenceLevel.MAINTAINS_PERSISTENCE,-0.03411077048080797,0.5,0.0,0,0,0.34023385,0.0,3.4099999999999997,0.5,0.0,0.02
2025-08-16T06:17:51.584059,Teri2,CMP511,3,AppMode.TUTOR,motivation_plateau,PersistenceLevel.MAINTAINS_PERSISTENCE,-0.016308571621430207,0.5,0.0,0,0,0.0004495666666666667,0.0,3.28,0.5,0.0,0.02
2025-08-16T06:26:20.156478,Teri2,CMP511,6,AppMode.TUTOR,motivation_plateau,PersistenceLevel.MAINTAINS_PERSISTENCE,-0.01464178634826238,0.5,0.0,0,0,0.00044121666666666667,0.0,3.28,0.5,0.0,0.02
2025-08-16T06:28:08.993634,Teri2,CMP511,7,AppMode.TUTOR,motivation_plateau,PersistenceLevel.MAINTAINS_PERSISTENCE,-0.012605128045310113,0.5,0.0,0,0,0.0007285666666666667,0.0,3.28,0.5,0.0,0.02
2025-08-16T06:28:43.655114,Teri2,CMP511,7,AppMode.TUTOR,motivation_plateau,PersistenceLevel.MAINTAINS_PERSISTENCE,-0.010148135640317801,0.5,0.0,0,0,0.5742739666666666,0.0,3.6599999999999997,0.5,0.0,0.02
2025-08-16T06:30:16.289301,Teri2,CMP511,7,AppMode.TUTOR,motivation_plateau,PersistenceLevel.MAINTAINS_PERSISTENCE,-0.007025151370890277,0.5,0.0,0,0,2.1180788500000003,0.0,4.66,0.5,0.0,0.02
2025-08-16T06:40:41.374184,Teri2,CMP511,11,AppMode.TUTOR,motivation_plateau,PersistenceLevel.MAINTAINS_PERSISTENCE,-0.0048583018420968625,0.5,0.0,0,0,0.0004238166666666667,0.0,3.28,0.5,0.0,0.02
2025-08-16T06:41:00.080101,Teri2,CMP511,11,AppMode.TUTOR,motivation_plateau,PersistenceLevel.MAINTAINS_PERSISTENCE,-0.003942280259750195,0.5,0.0,0,0,0.3084979333333333,0.0,3.6599999999999997,0.5,0.0,0.02
2025-08-16T06:43:05.266811,Teri2,CMP511,4,AppMode.TUTOR,motivation_plateau,PersistenceLevel.MAINTAINS_PERSISTENCE,-0.00308631977266922,0.5,0.0,0,0,0.0007362666666666667,0.0,3.28,0.5,0.0,0.02
2025-08-16T06:44:16.650023,Teri2,CMP511,4,AppMode.TUTOR,motivation_plateau,PersistenceLevel.MAINTAINS_PERSISTENCE,0.01767518488914206,0.5,0.0,0,0,1.1861455333333335,0.0,4.49,0.5,0.0,0.02
2025-08-16T06:45:08.162546,Teri2,CMP511,4,AppMode.TUTOR,motivation_plateau,PersistenceLevel.MAINTAINS_PERSISTENCE,-9.894946850115994e-05,0.5,0.0,0,0,2.0446878,0.0,3.4899999999999998,0.5,0.0,0.02
2025-08-16T06:58:17.428218,Teri2,CMP511,4,AppMode.TUTOR,motivation_plateau,PersistenceLevel.MAINTAINS_PERSISTENCE,0.0004551466836899698,0.5,0.0,0,0,0.0004450833333333333,0.0,3.28,0.5,0.0,0.02
2025-08-16T06:59:03.692935,Teri2,CMP511,4,AppMode.TUTOR,motivation_plateau,PersistenceLevel.MAINTAINS_PERSISTENCE,0.0008802225657529164,0.5,0.0,0,0,0.7677065,0.0,4.49,0.5,0.0,0.02
2025-08-16T07:02:15.964293,Teri2,CMP511,1,AppMode.TUTOR,motivation_plateau,PersistenceLevel.MAINTAINS_PERSISTENCE,0.001266022791793165,0.5,0.0,0,0,0.0007576833333333334,0.0,3.28,0.5,0.0,0.02
2025-08-16T07:02:49.690131,Teri2,CMP511,1,AppMode.TUTOR,motivation_plateau,PersistenceLevel.MAINTAINS_PERSISTENCE,0.029114210196950152,0.5,0.0,0,0,0.5585100666666667,0.0,3.28,0.5,0.0,0.02
2025-08-16T07:11:22.234733,Teri2,CMP511,4,AppMode.TUTOR,motivation_plateau,PersistenceLevel.MAINTAINS_PERSISTENCE,0.002529332221574804,0.5,0.0,0,0,0.00044803333333333335,0.0,3.28,0.5,0.0,0.02
2025-08-16T07:11:58.250933,Teri2,CMP511,4,AppMode.TUTOR,motivation_plateau,PersistenceLevel.MAINTAINS_PERSISTENCE,0.0027395947567808807,0.5,0.0,0,0,0.59684075,0.0,4.49,0.5,0.0,0.02
2025-08-16T07:35:24.952253,Teri2,CMP511,1,AppMode.QUIZ,motivation_plateau,PersistenceLevel.MAINTAINS_PERSISTENCE,0.0029223506026281533,0.5,0.0,0,0,0.0007320833333333333,0.0,3.28,0.5,0.0,0.02
2025-08-16T07:35:39.217724,Teri2,CMP511,1,AppMode.QUIZ,motivation_plateau,PersistenceLevel.MAINTAINS_PERSISTENCE,0.0030857208455781723,0.5,0.0,0,0,0.23851875,0.0,3.1781818181818178,0.5,0.0,0.02
2025-08-16T07:36:04.090849,Teri2,CMP511,1,AppMode.QUIZ,motivation_plateau,PersistenceLevel.MAINTAINS_PERSISTENCE,-0.23676870331011907,0.5,0.0,1,0,0.6530620166666666,0.0,3.096363636363636,0.5,0.0,0.02
2025-08-16T07:36:48.479853,Teri2,CMP511,1,AppMode.QUIZ,motivation_plateau,PersistenceLevel.MAINTAINS_PERSISTENCE,-0.018039336390684564,0.5,0.0,2,0,1.3928908833333333,0.0,3.414545454545454,0.5,0.0,0.02
2025-08-16T07:37:12.685317,Teri2,CMP511,1,AppMode.QUIZ,motivation_plateau,PersistenceLevel.MAINTAINS_PERSISTENCE,-0.019684829879665314,0.5,0.0,3,0,1.7963132166666667,0.0,3.2327272727272724,0.5,0.0,0.02
2025-08-16T07:38:07.414877,Teri2,CMP511,1,AppMode.QUIZ,motivation_plateau,PersistenceLevel.MAINTAINS_PERSISTENCE,-0.1051710915428887,0.5,0.0,4,0,2.708460983333333,0.0,3.650909090909091,0.5,0.0,0.02
2025-08-16T07:39:03.323851,Teri2,CMP511,1,AppMode.QUIZ,motivation_plateau,PersistenceLevel.MAINTAINS_PERSISTENCE,-0.030126259222222354,0.5,0.0,5,0,3.6402917666666665,0.0,3.269090909090909,0.5,0.0,0.02
2025-08-16T07:39:31.803769,Teri2,CMP511,1,AppMode.QUIZ,motivation_plateau,PersistenceLevel.MAINTAINS_PERSISTENCE,-0.27278321762764646,0.5,0.0,5,0,4.1149556,0.0,3.187272727272727,0.5,0.0,0.02
2025-08-16T07:42:35.908682,Teri2,CMP511,1,AppMode.QUIZ,motivation_plateau,PersistenceLevel.MAINTAINS_PERSISTENCE,-0.03566437877304859,0.5,0.0,5,0,7.1833704,0.0,3.5054545454545454,0.5,0.0,0.02
2025-08-16T07:50:14.335866,Teri2,CMP511,1,AppMode.QUIZ,motivation_plateau,PersistenceLevel.MAINTAINS_PERSISTENCE,-0.01307438216363771,0.5,0.0,0,1,14.823806366666668,0.0,3.3236363636363633,0.5,0.0,0.02
2025-08-16T07:57:20.837777,Teri2,CMP511,1,AppMode.QUIZ,maintained_high,PersistenceLevel.ENHANCED_PERSISTENCE,0.07234334254253338,0.5,0.0,1,0,21.932186233333333,0.0,3.7418181818181817,0.5,0.0,0.02
2025-08-16T08:14:58.972012,Teri2,CMP511,1,AppMode.QUIZ,maintained_high,PersistenceLevel.ENHANCED_PERSISTENCE,-0.08234439161952173,0.5,0.0,2,0,39.56775006666667,0.0,3.36,0.5,0.0,0.02
2025-08-16T10:23:30.616892,Teri2,CMP511,1,AppMode.QUIZ,motivation_plateau,PersistenceLevel.MAINTAINS_PERSISTENCE,-0.026521842211305685,0.5,0.0,0,0,0.0007599333333333333,0.0,3.28,0.5,0.0,0.02
2025-08-16T10:23:48.674359,Teri2,CMP511,1,AppMode.QUIZ,motivation_plateau,PersistenceLevel.MAINTAINS_PERSISTENCE,-0.006820932177998427,0.5,0.0,0,0,0.3017196833333333,0.0,3.1781818181818178,0.5,0.0,0.02
2025-08-16T10:24:15.341989,Teri2,CMP511,1,AppMode.QUIZ,motivation_plateau,PersistenceLevel.MAINTAINS_PERSISTENCE,0.20548654354960558,0.5,0.0,1,0,0.7461947666666667,0.0,3.096363636363636,0.5,0.0,0.02
2025-08-16T10:24:46.498179,Teri2,CMP511,1,AppMode.QUIZ,motivation_plateau,PersistenceLevel.MAINTAINS_PERSISTENCE,0.01297141760666505,0.5,0.0,2,0,1.2654650833333332,0.0,3.414545454545454,0.5,0.0,0.02
2025-08-16T10:25:38.153914,Teri2,CMP511,1,AppMode.QUIZ,motivation_plateau,PersistenceLevel.MAINTAINS_PERSISTENCE,0.008221663611795584,0.5,0.0,0,1,2.1264088333333335,0.0,3.2327272727272724,0.5,0.0,0.02
2025-08-16T10:26:48.406622,Teri2,CMP511,1,AppMode.QUIZ,motivation_plateau,PersistenceLevel.MAINTAINS_PERSISTENCE,0.015466948030300971,0.5,0.0,1,0,3.2972923833333336,0.0,3.650909090909091,0.5,0.0,0.02
2025-08-16T10:28:13.501197,Teri2,CMP511,1,AppMode.TUTOR,motivation_plateau,PersistenceLevel.MAINTAINS_PERSISTENCE,0.0188260512496295,0.5,0.0,0,0,0.00041936666666666665,0.0,3.28,0.5,0.0,0.02
2025-08-16T10:30:34.960555,Teri2,CMP511,1,AppMode.TUTOR,motivation_plateau,PersistenceLevel.MAINTAINS_PERSISTENCE,0.10237780992383974,0.5,0.0,0,0,2.3551624166666665,0.0,4.279999999999999,0.5,0.0,0.02
2025-08-16T10:31:51.814023,Teri2,CMP511,1,AppMode.TUTOR,motivation_plateau,PersistenceLevel.MAINTAINS_PERSISTENCE,-0.06237088876622153,0.5,0.0,0,0,3.6360922666666666,0.0,4.279999999999999,0.5,0.0,0.02
2025-08-18T17:03:57.372823,Teri2,CMP511,1,AppMode.QUIZ,motivation_plateau,PersistenceLevel.MAINTAINS_PERSISTENCE,0.006601726723947542,0.5,0.0,0,0,0.0007695833333333334,0.0,3.28,0.5,0.0,0.02
2025-08-18T17:04:06.750296,Teri2,CMP511,1,AppMode.TUTOR,motivation_plateau,PersistenceLevel.MAINTAINS_PERSISTENCE,0.0064721317729196995,0.5,0.0,0,0,0.0004374333333333333,0.0,3.28,0.5,0.0,0.02
2025-08-18T17:04:34.126071,Teri2,CMP511,1,AppMode.TUTOR,motivation_plateau,PersistenceLevel.MAINTAINS_PERSISTENCE,0.1532525464723292,0.5,0.0,0,0,0.4524959333333333,0.0,3.28,0.5,0.0,0.02
2025-08-20T08:18:35.146931,Teri2,CMP511,1,AppMode.QUIZ,motivation_plateau,PersistenceLevel.MAINTAINS_PERSISTENCE,0.016506666090145172,0.5,0.0,0,0,0.00077465,0.0,3.28,0.5,0.0,0.02
2025-08-20T08:37:25.124586,Teri2,CMP511,1,AppMode.QUIZ,motivation_plateau,PersistenceLevel.MAINTAINS_PERSISTENCE,0.009636974583449608,0.5,0.0,0,0,0.00044538333333333336,0.0,3.28,0.5,0.0,0.02
2025-08-20T08:38:10.260980,Teri2,CMP511,1,AppMode.QUIZ,motivation_plateau,PersistenceLevel.MAINTAINS_PERSISTENCE,0.015397603651423298,0.5,0.0,0,0,0.75274425,0.0,3.1781818181818178,0.5,0.0,0.02
2025-08-20T08:38:42.394199,Teri2,CMP511,1,AppMode.QUIZ,motivation_plateau,PersistenceLevel.MAINTAINS_PERSISTENCE,0.22610127380562134,0.5,0.0,0,1,1.2883183666666667,0.0,3.096363636363636,0.5,0.0,0.02
2025-08-20T08:39:18.809220,Teri2,CMP511,1,AppMode.QUIZ,motivation_plateau,PersistenceLevel.MAINTAINS_PERSISTENCE,0.033671605168237494,0.5,0.0,1,0,1.8952036666666667,0.0,3.414545454545454,0.5,0.0,0.02
2025-08-20T08:39:43.461499,Teri2,CMP511,1,AppMode.QUIZ,motivation_plateau,PersistenceLevel.MAINTAINS_PERSISTENCE,0.024105129863910155,0.5,0.0,2,0,2.3061047666666665,0.0,3.2327272727272724,0.5,0.0,0.02
2025-08-20T08:40:47.065813,Teri2,CMP511,1,AppMode.QUIZ,motivation_plateau,PersistenceLevel.MAINTAINS_PERSISTENCE,0.12426856252136691,0.5,0.0,3,0,3.3660540666666665,0.0,3.650909090909091,0.5,0.0,0.02
2025-08-20T08:41:31.346500,Teri2,CMP511,1,AppMode.QUIZ,motivation_plateau,PersistenceLevel.MAINTAINS_PERSISTENCE,0.033883534000844734,0.5,0.0,4,0,4.104188166666667,0.0,3.269090909090909,0.5,0.0,0.02
2025-08-20T08:42:01.843240,Teri2,CMP511,1,AppMode.QUIZ,motivation_plateau,PersistenceLevel.MAINTAINS_PERSISTENCE,0.24536240842879845,0.5,0.0,5,0,4.612470416666667,0.0,3.187272727272727,0.5,0.0,0.02
2025-08-20T08:42:39.078418,Teri2,CMP511,1,AppMode.QUIZ,motivation_plateau,PersistenceLevel.MAINTAINS_PERSISTENCE,0.036903299198652616,0.5,0.0,5,0,5.233029016666666,0.0,3.5054545454545454,0.5,0.0,0.02
2025-08-20T08:43:16.531842,Teri2,CMP511,1,AppMode.QUIZ,motivation_plateau,PersistenceLevel.MAINTAINS_PERSISTENCE,0.03716183472108583,0.5,0.0,0,1,5.857283216666667,0.0,3.3236363636363633,0.5,0.0,0.02
2025-08-20T08:44:25.327722,Teri2,CMP511,1,AppMode.QUIZ,maintained_high,PersistenceLevel.ENHANCED_PERSISTENCE,0.09570637110965988,0.5,0.0,1,0,7.003883416666667,0.0,3.7418181818181817,0.5,0.0,0.02
2025-08-20T08:45:50.510134,Teri2,CMP511,1,AppMode.QUIZ,maintained_high,PersistenceLevel.ENHANCED_PERSISTENCE,-0.06407860420327667,0.5,0.0,2,0,8.423568933333334,0.0,3.36,0.5,0.0,0.02
2025-08-20T08:46:16.269501,Teri2,CMP511,1,AppMode.TUTOR,motivation_plateau,PersistenceLevel.MAINTAINS_PERSISTENCE,0.028084424740393604,0.5,0.0,0,0,0.00043819999999999997,0.0,3.28,0.5,0.0,0.02
2025-08-20T08:48:19.720240,Teri2,CMP511,1,AppMode.TUTOR,motivation_plateau,PersistenceLevel.MAINTAINS_PERSISTENCE,-0.021916861573726396,0.5,0.0,0,0,2.054103733333333,0.0,4.279999999999999,0.5,0.0,0.02
2025-08-20T08:49:04.681399,Teri2,CMP511,1,AppMode.TUTOR,motivation_plateau,PersistenceLevel.MAINTAINS_PERSISTENCE,-0.0130034268164691,0.5,0.0,0,0,2.80346455,0.0,4.279999999999999,0.5,0.0,0.02
2025-08-20T08:50:10.485637,Teri2,CMP511,1,AppMode.TUTOR,motivation_plateau,PersistenceLevel.MAINTAINS_PERSISTENCE,0.03798335226052651,0.5,0.0,0,0,3.9001566833333334,0.0,4.279999999999999,0.5,0.0,0.02
2025-08-20T17:37:36.232359,Teri2,CMP511,1,AppMode.QUIZ,motivation_plateau,PersistenceLevel.MAINTAINS_PERSISTENCE,-0.0026344892474041643,0.5,0.0,0,0,0.00043843333333333333,0.0,3.28,0.5,0.0,0.02
2025-08-20T17:37:45.422417,Teri2,CMP511,1,AppMode.QUIZ,motivation_plateau,PersistenceLevel.MAINTAINS_PERSISTENCE,0.2622810399490656,0.5,0.0,0,0,0.15364243333333333,0.0,3.1781818181818178,0.5,0.0,0.02
2025-08-20T18:04:50.241823,Teri2,CMP511,1,AppMode.TUTOR,motivation_plateau,PersistenceLevel.MAINTAINS_PERSISTENCE,0.021016769165759397,0.5,0.0,0,0,0.00044538333333333336,0.0,3.28,0.5,0.0,0.02
2025-08-20T18:10:12.442126,Teri2,CMP511,1,AppMode.TUTOR,maintained_high,PersistenceLevel.MAINTAINS_PERSISTENCE,0.3244514596249182,0.5,0.0,0,0,5.3669665166666665,0.0,3.28,0.5,0.0,0.02
2025-08-20T18:11:42.560005,Teri2,CMP511,1,AppMode.TUTOR,motivation_plateau,PersistenceLevel.MAINTAINS_PERSISTENCE,0.10394785054022924,0.5,0.0,0,0,6.8689825,0.0,4.279999999999999,0.5,0.0,0.02
2025-08-20T18:13:13.590903,Teri2,CMP511,1,AppMode.TUTOR,motivation_plateau,PersistenceLevel.MAINTAINS_PERSISTENCE,0.05672501040260547,0.5,0.0,0,0,8.38612485,0.0,3.28,0.5,0.0,0.02
2025-08-20T18:16:22.894272,Teri2,CMP511,1,AppMode.TUTOR,motivation_plateau,PersistenceLevel.MAINTAINS_PERSISTENCE,0.061473770374606246,0.5,0.0,0,0,11.541197283333334,0.0,3.28,0.5,0.0,0.02
2025-08-22T06:01:25.154467,Teri2,CMP511,1,AppMode.TUTOR,motivation_plateau,PersistenceLevel.MAINTAINS_PERSISTENCE,0.04540918880864949,0.5,0.0,0,0,0.0007593333333333334,0.0,3.28,0.5,0.0,0.02
2025-08-22T06:02:26.143879,Teri2,CMP511,1,AppMode.TUTOR,motivation_plateau,PersistenceLevel.MAINTAINS_PERSISTENCE,0.16536058238008072,0.5,0.0,0,0,1.0138836333333334,0.0,3.28,0.5,0.0,0.02
2025-08-22T06:10:55.913409,Teri2,CMP511,1,AppMode.TUTOR,motivation_plateau,PersistenceLevel.MAINTAINS_PERSISTENCE,0.0346333122004937,0.5,0.0,0,0,0.00043525,0.0,3.28,0.5,0.0,0.02
2025-08-22T06:11:07.549769,Teri2,CMP511,1,AppMode.TUTOR,motivation_plateau,PersistenceLevel.MAINTAINS_PERSISTENCE,0.029088149133314853,0.5,0.0,0,0,0.19135073333333336,0.0,3.28,0.5,0.0,0.02
2025-08-22T06:15:50.941501,Teri2,CMP511,1,AppMode.TUTOR,motivation_plateau,PersistenceLevel.MAINTAINS_PERSISTENCE,0.026877200231771606,0.5,0.0,0,0,4.914533116666666,0.0,3.28,0.5,0.0,0.02
2025-08-22T06:16:15.320684,Teri2,CMP511,1,AppMode.TUTOR,motivation_plateau,PersistenceLevel.MAINTAINS_PERSISTENCE,0.02410947462034483,0.5,0.0,0,0,5.320857666666667,0.0,3.28,0.5,0.0,0.02
2025-08-22T07:24:22.948241,Teri2,CMP511,1,AppMode.TUTOR,motivation_plateau,PersistenceLevel.MAINTAINS_PERSISTENCE,0.02240549748528046,0.5,0.0,0,0,0.0007437333333333333,0.0,3.28,0.5,0.0,0.02
2025-08-22T07:24:40.022727,Teri2,CMP511,1,AppMode.TUTOR,motivation_plateau,PersistenceLevel.MAINTAINS_PERSISTENCE,0.010969090693696434,0.5,0.0,0,0,0.28208456666666665,0.0,3.28,0.5,0.0,0.02
2025-08-22T07:30:13.986069,Teri2,CMP511,1,AppMode.TUTOR,motivation_plateau,PersistenceLevel.MAINTAINS_PERSISTENCE,0.009075952973152654,0.5,0.0,0,0,0.00043228333333333337,0.0,3.28,0.5,0.0,0.02
2025-08-22T07:30:33.125277,Teri2,CMP511,1,AppMode.TUTOR,motivation_plateau,PersistenceLevel.MAINTAINS_PERSISTENCE,0.007474977280339679,0.5,0.0,0,0,0.31650093333333335,0.0,3.28,0.5,0.0,0.02
2025-08-22T07:33:17.139271,Teri2,CMP511,1,AppMode.TUTOR,motivation_plateau,PersistenceLevel.MAINTAINS_PERSISTENCE,0.005922799444225125,0.5,0.0,0,0,0.0007331666666666667,0.0,3.28,0.5,0.0,0.02
2025-08-22T07:33:25.458018,Teri2,CMP511,1,AppMode.TUTOR,motivation_plateau,PersistenceLevel.MAINTAINS_PERSISTENCE,0.004467865430135548,0.5,0.0,0,0,0.13521698333333332,0.0,3.28,0.5,0.0,0.02
2025-08-22T07:33:57.956331,Teri2,CMP511,1,AppMode.TUTOR,motivation_plateau,PersistenceLevel.MAINTAINS_PERSISTENCE,0.0030328548657239554,0.5,0.0,0,0,0.6767880833333333,0.0,3.28,0.5,0.0,0.02
2025-08-22T07:34:27.572985,Teri2,CMP511,1,AppMode.TUTOR,motivation_plateau,PersistenceLevel.MAINTAINS_PERSISTENCE,0.0023979559994861573,0.5,0.0,0,0,1.1704364166666668,0.0,3.28,0.5,0.0,0.02
2025-08-22T07:34:56.325781,Teri2,CMP511,1,AppMode.TUTOR,motivation_plateau,PersistenceLevel.MAINTAINS_PERSISTENCE,-0.2981362837584072,0.5,0.0,0,0,1.6495966499999999,0.0,3.28,0.5,0.0,0.02
2025-08-22T07:54:39.345356,Teri2,CMP511,1,AppMode.TUTOR,motivation_plateau,PersistenceLevel.MAINTAINS_PERSISTENCE,-0.02258518464150691,0.5,0.0,0,0,0.0007488000000000001,0.0,3.28,0.5,0.0,0.02
2025-08-22T07:59:26.331106,Teri2,CMP511,1,AppMode.TUTOR,motivation_plateau,PersistenceLevel.MAINTAINS_PERSISTENCE,-0.024865823368365476,0.5,0.0,0,0,0.00043761666666666663,0.0,3.28,0.5,0.0,0.02
2025-08-22T08:01:08.878949,Teri2,CMP511,1,AppMode.TUTOR,motivation_plateau,PersistenceLevel.MAINTAINS_PERSISTENCE,-0.027212518472245557,0.5,0.0,0,0,0.0007747333333333333,0.0,3.28,0.5,0.0,0.02
2025-08-22T08:10:31.136459,Teri2,CMP511,1,AppMode.TUTOR,motivation_plateau,PersistenceLevel.MAINTAINS_PERSISTENCE,-0.029632148339283113,0.5,0.0,0,0,0.0004975333333333334,0.0,3.28,0.5,0.0,0.02
2025-08-22T08:12:55.293823,Teri2,CMP511,1,AppMode.TUTOR,motivation_plateau,PersistenceLevel.MAINTAINS_PERSISTENCE,-0.03219455668638466,0.5,0.0,0,0,0.00043756666666666666,0.0,3.28,0.5,0.0,0.02
2025-08-22T08:15:19.883933,Teri2,CMP511,1,AppMode.TUTOR,motivation_plateau,PersistenceLevel.MAINTAINS_PERSISTENCE,-0.010919218520622859,0.5,0.0,0,0,0.00045755000000000004,0.0,3.28,0.5,0.0,0.02
2025-08-22T08:17:28.112224,Teri2,CMP511,1,AppMode.TUTOR,motivation_plateau,PersistenceLevel.MAINTAINS_PERSISTENCE,-0.009985941230952134,0.5,0.0,0,0,0.00061065,0.0,3.28,0.5,0.0,0.02
2025-08-22T08:19:07.278479,Teri2,CMP511,1,AppMode.TUTOR,motivation_plateau,PersistenceLevel.MAINTAINS_PERSISTENCE,-0.008795550659959064,0.5,0.0,0,0,0.00043423333333333334,0.0,3.28,0.5,0.0,0.02
2025-08-22T08:25:40.278553,Teri2,CMP511,1,AppMode.TUTOR,motivation_plateau,PersistenceLevel.MAINTAINS_PERSISTENCE,-0.0073221932349761465,0.5,0.0,0,0,0.00075805,0.0,3.28,0.5,0.0,0.02
2025-08-22T08:25:53.004383,Teri2,CMP511,1,AppMode.TUTOR,motivation_plateau,PersistenceLevel.MAINTAINS_PERSISTENCE,-0.0055373968266315896,0.5,0.0,0,0,0.20948108333333335,0.0,3.28,0.5,0.0,0.02
2025-08-22T08:26:06.024815,Teri2,CMP511,1,AppMode.TUTOR,motivation_plateau,PersistenceLevel.MAINTAINS_PERSISTENCE,-0.003404824037851344,0.5,0.0,0,0,0.42646598333333335,0.0,3.28,0.5,0.0,0.02
2025-08-22T08:26:15.333389,Teri2,CMP511,1,AppMode.TUTOR,motivation_plateau,PersistenceLevel.MAINTAINS_PERSISTENCE,-0.0028036724792296222,0.5,0.0,0,0,0.5816412999999999,0.0,3.28,0.5,0.0,0.02
2025-08-22T08:55:31.113046,Teri2,CMP511,1,AppMode.TUTOR,motivation_plateau,PersistenceLevel.MAINTAINS_PERSISTENCE,-0.002229090979091821,0.5,0.0,0,0,0.0004408666666666667,0.0,3.28,0.5,0.0,0.02
2025-08-22T08:55:38.189282,Teri2,CMP511,1,AppMode.TUTOR,motivation_plateau,PersistenceLevel.MAINTAINS_PERSISTENCE,-0.001703774204622442,0.5,0.0,0,0,0.11525886666666667,0.0,3.28,0.5,0.0,0.02
2025-08-22T08:55:51.861916,Teri2,CMP511,1,AppMode.TUTOR,motivation_plateau,PersistenceLevel.MAINTAINS_PERSISTENCE,-0.0012543006821941457,0.5,0.0,0,0,0.3432139,0.0,3.28,0.5,0.0,0.02
2025-08-22T08:56:06.751141,Teri2,CMP511,1,AppMode.TUTOR,motivation_plateau,PersistenceLevel.MAINTAINS_PERSISTENCE,-0.0009116529906391499,0.5,0.0,0,0,0.5913515333333332,0.0,3.28,0.5,0.0,0.02
2025-08-22T08:58:48.339101,Teri2,CMP511,1,AppMode.TUTOR,motivation_plateau,PersistenceLevel.MAINTAINS_PERSISTENCE,-0.0007121993068621745,0.5,0.0,0,0,3.2844702333333333,0.0,3.28,0.5,0.0,0.02
2025-08-22T09:07:39.666453,Teri2,CMP511,1,AppMode.TUTOR,motivation_plateau,PersistenceLevel.MAINTAINS_PERSISTENCE,-0.0005448814530727787,0.5,0.0,0,0,0.0007535,0.0,3.28,0.5,0.0,0.02
2025-08-22T09:08:01.116629,Teri2,CMP511,1,AppMode.TUTOR,motivation_plateau,PersistenceLevel.MAINTAINS_PERSISTENCE,-0.00041014469099125524,0.5,0.0,0,0,0.3539252333333333,0.0,3.28,0.5,0.0,0.02
2025-08-22T09:08:17.551949,Teri2,CMP511,1,AppMode.TUTOR,motivation_plateau,PersistenceLevel.MAINTAINS_PERSISTENCE,-0.0003066543299007603,0.5,0.0,0,0,0.62785525,0.0,3.28,0.5,0.0,0.02
2025-08-22T09:08:29.792521,Teri2,CMP511,1,AppMode.TUTOR,motivation_plateau,PersistenceLevel.MAINTAINS_PERSISTENCE,-0.00023084262171728953,0.5,0.0,0,0,0.8318396666666668,0.0,3.28,0.5,0.0,0.02
2025-08-22T09:08:45.304121,Teri2,CMP511,1,AppMode.TUTOR,motivation_plateau,PersistenceLevel.MAINTAINS_PERSISTENCE,-0.00017637779220354064,0.5,0.0,0,0,1.0903832833333333,0.0,3.28,0.5,0.0,0.02
2025-08-22T09:10:56.423196,Teri2,CMP511,1,AppMode.TUTOR,motivation_plateau,PersistenceLevel.MAINTAINS_PERSISTENCE,-0.00013351207103084995,0.5,0.0,0,0,3.27568655,0.0,3.28,0.5,0.0,0.02
2025-08-22T09:15:49.125112,Teri2,CMP511,1,AppMode.TUTOR,motivation_plateau,PersistenceLevel.MAINTAINS_PERSISTENCE,-0.00010060252046749565,0.5,0.0,0,0,0.00073155,0.0,3.28,0.5,0.0,0.02
2025-08-22T09:15:55.897067,Teri2,CMP511,1,AppMode.TUTOR,motivation_plateau,PersistenceLevel.MAINTAINS_PERSISTENCE,-7.583914682559489e-05,0.5,0.0,0,0,0.10930835,0.0,3.28,0.5,0.0,0.02
2025-08-22T09:16:09.754180,Teri2,CMP511,1,AppMode.TUTOR,motivation_plateau,PersistenceLevel.MAINTAINS_PERSISTENCE,-5.7373932179581655e-05,0.5,0.0,0,0,0.34026461666666663,0.0,3.28,0.5,0.0,0.02
2025-08-22T09:16:24.828539,Teri2,CMP511,1,AppMode.TUTOR,motivation_plateau,PersistenceLevel.MAINTAINS_PERSISTENCE,-4.3496437016565024e-05,0.5,0.0,0,0,0.5915007166666667,0.0,3.28,0.5,0.0,0.02
2025-08-22T09:36:06.460027,Teri2,CMP511,2,AppMode.TUTOR,motivation_plateau,PersistenceLevel.MAINTAINS_PERSISTENCE,-3.286592860160698e-05,0.5,0.0,0,0,0.0004595166666666666,0.0,3.28,0.5,0.0,0.02
2025-08-22T09:36:49.823462,Teri2,CMP511,2,AppMode.TUTOR,motivation_plateau,PersistenceLevel.MAINTAINS_PERSISTENCE,-2.4814237207267534e-05,0.5,0.0,0,0,0.7199718166666667,0.0,3.4099999999999997,0.5,0.0,0.02
2025-08-22T10:14:54.655663,Teri2,CMP511,1,AppMode.TUTOR,motivation_plateau,PersistenceLevel.MAINTAINS_PERSISTENCE,-1.8751174546449286e-05,0.5,0.0,0,0,0.0007245666666666667,0.0,3.28,0.5,0.0,0.02
2025-08-22T10:14:59.740206,Teri2,CMP511,1,AppMode.TUTOR,motivation_plateau,PersistenceLevel.MAINTAINS_PERSISTENCE,-1.4184136764117638e-05,0.5,0.0,0,0,0.0814901,0.0,3.28,0.5,0.0,0.02
2025-08-24T09:09:34.248882,Teri2,CMP511,1,AppMode.QUIZ,motivation_plateau,PersistenceLevel.MAINTAINS_PERSISTENCE,-1.0728953130880519e-05,0.5,0.0,0,0,0.0007108500000000001,0.0,3.28,0.5,0.0,0.02
2025-08-24T09:09:52.036515,Teri2,CMP511,1,AppMode.QUIZ,motivation_plateau,PersistenceLevel.MAINTAINS_PERSISTENCE,-8.107554420025757e-06,0.5,0.0,0,0,0.29717721666666663,0.0,3.1781818181818178,0.5,0.0,0.02
2025-08-24T09:10:29.173479,Teri2,CMP511,1,AppMode.QUIZ,motivation_plateau,PersistenceLevel.MAINTAINS_PERSISTENCE,0.20999387311551448,0.5,0.0,0,1,0.9160837833333333,0.0,3.096363636363636,0.5,0.0,0.02
2025-08-24T09:11:10.762511,Teri2,CMP511,1,AppMode.QUIZ,motivation_plateau,PersistenceLevel.MAINTAINS_PERSISTENCE,0.01679536810373224,0.5,0.0,1,0,1.6092807666666666,0.0,3.414545454545454,0.5,0.0,0.02
2025-08-24T09:11:40.054251,Teri2,CMP511,1,AppMode.QUIZ,motivation_plateau,PersistenceLevel.MAINTAINS_PERSISTENCE,0.018140497645994538,0.5,0.0,2,0,2.0975010333333333,0.0,3.2327272727272724,0.5,0.0,0.02
2025-08-24T09:12:09.296417,Teri2,CMP511,1,AppMode.TUTOR,motivation_plateau,PersistenceLevel.MAINTAINS_PERSISTENCE,0.019592872188615232,0.5,0.0,0,0,0.0004251833333333333,0.0,3.28,0.5,0.0,0.02
2025-08-24T09:12:44.914431,Teri2,CMP511,1,AppMode.TUTOR,motivation_plateau,PersistenceLevel.MAINTAINS_PERSISTENCE,0.021161160279954922,0.5,0.0,0,0,0.5905921000000001,0.0,3.28,0.5,0.0,0.02
2025-08-26T22:45:16.945272,Teri2,CMP511,1,AppMode.TUTOR,motivation_plateau,PersistenceLevel.MAINTAINS_PERSISTENCE,0.02285470170670491,0.5,0.0,0,0,0.0007477666666666667,0.0,3.28,0.5,0.0,0.02
2025-08-26T22:45:23.648821,Teri2,CMP511,1,AppMode.TUTOR,motivation_plateau,PersistenceLevel.MAINTAINS_PERSISTENCE,0.007883567994000147,0.5,0.0,0,0,0.00044775,0.0,3.28,0.5,0.0,0.02
2025-08-26T22:45:53.322400,Teri2,CMP511,1,AppMode.TUTOR,motivation_plateau,PersistenceLevel.MAINTAINS_PERSISTENCE,0.15467062398522158,0.5,0.0,0,0,0.4921791833333333,0.0,3.28,0.5,0.0,0.02
2025-08-26T22:51:00.441878,Teri2,CMP511,1,AppMode.QUIZ,motivation_plateau,PersistenceLevel.MAINTAINS_PERSISTENCE,0.018093034092359746,0.5,0.0,0,0,0.0004766666666666667,0.0,3.28,0.5,0.0,0.02
2025-08-26T22:51:39.198214,Teri2,CMP511,1,AppMode.QUIZ,motivation_plateau,PersistenceLevel.MAINTAINS_PERSISTENCE,0.017973047044659306,0.5,0.0,0,0,0.6464509333333334,0.0,3.1781818181818178,0.5,0.0,0.02
2025-08-26T22:53:17.701099,Teri2,CMP511,1,AppMode.QUIZ,motivation_plateau,PersistenceLevel.MAINTAINS_PERSISTENCE,0.22771799798583564,0.5,0.0,0,1,2.2881604833333333,0.0,3.096363636363636,0.5,0.0,0.02
2025-08-26T22:53:49.116644,Teri2,CMP511,1,AppMode.QUIZ,motivation_plateau,PersistenceLevel.MAINTAINS_PERSISTENCE,0.034107061688166115,0.5,0.0,1,0,2.8117592,0.0,3.414545454545454,0.5,0.0,0.02
2025-08-26T22:54:16.294271,Teri2,CMP511,1,AppMode.QUIZ,motivation_plateau,PersistenceLevel.MAINTAINS_PERSISTENCE,0.03620494118369939,0.5,0.0,2,0,3.264731783333333,0.0,3.2327272727272724,0.5,0.0,0.02
2025-08-26T22:54:48.972685,Teri2,CMP511,1,AppMode.QUIZ,motivation_plateau,PersistenceLevel.MAINTAINS_PERSISTENCE,0.026727686559577614,0.5,0.0,3,0,3.809409066666667,0.0,3.650909090909091,0.5,0.0,0.02
2025-08-26T22:55:21.928902,Teri2,CMP511,1,AppMode.QUIZ,motivation_plateau,PersistenceLevel.MAINTAINS_PERSISTENCE,0.027418458756955047,0.5,0.0,0,1,4.3586941333333336,0.0,3.269090909090909,0.5,0.0,0.02
2025-08-26T22:55:41.325168,Teri2,CMP511,1,AppMode.QUIZ,motivation_plateau,PersistenceLevel.MAINTAINS_PERSISTENCE,0.23817409169393872,0.5,0.0,1,0,4.681966516666666,0.0,3.187272727272727,0.5,0.0,0.02
2025-08-26T22:56:16.261482,Teri2,CMP511,1,AppMode.QUIZ,motivation_plateau,PersistenceLevel.MAINTAINS_PERSISTENCE,0.02901057919058695,0.5,0.0,2,0,5.264243366666666,0.0,3.5054545454545454,0.5,0.0,0.02
2025-08-26T22:56:54.856312,Teri2,CMP511,1,AppMode.QUIZ,motivation_plateau,PersistenceLevel.MAINTAINS_PERSISTENCE,0.15717428916220919,0.5,0.0,3,0,5.907485883333334,0.0,3.3236363636363633,0.5,0.0,0.02
2025-08-26T22:57:17.776749,Teri2,CMP511,1,AppMode.QUIZ,maintained_high,PersistenceLevel.ENHANCED_PERSISTENCE,0.038280408429061406,0.5,0.0,4,0,6.2894909666666665,0.0,3.7418181818181817,0.5,0.0,0.02
2025-08-26T22:58:26.737677,Teri2,CMP511,1,AppMode.QUIZ,maintained_high,PersistenceLevel.ENHANCED_PERSISTENCE,0.20420462617862012,0.5,0.0,0,1,7.4388531166666665,0.0,3.36,0.5,0.0,0.02
2025-08-27T06:48:37.421080,Teri2,CMP511,1,AppMode.QUIZ,motivation_plateau,PersistenceLevel.MAINTAINS_PERSISTENCE,0.05334751957235332,0.5,0.0,0,0,0.0007480166666666666,0.0,3.28,0.5,0.0,0.02
2025-08-27T06:48:57.329513,Teri2,CMP511,1,AppMode.QUIZ,motivation_plateau,PersistenceLevel.MAINTAINS_PERSISTENCE,-0.004295749054516365,0.5,0.0,0,0,0.33260163333333337,0.0,3.1781818181818178,0.5,0.0,0.02
2025-08-27T06:49:18.226782,Teri2,CMP511,1,AppMode.QUIZ,motivation_plateau,PersistenceLevel.MAINTAINS_PERSISTENCE,-0.20410311245698182,0.5,0.0,1,0,0.6809012166666667,0.0,3.096363636363636,0.5,0.0,0.02
2025-08-27T06:49:55.406939,Teri2,CMP511,1,AppMode.QUIZ,motivation_plateau,PersistenceLevel.MAINTAINS_PERSISTENCE,0.006994695413482935,0.5,0.0,2,0,1.3005546499999998,0.0,3.414545454545454,0.5,0.0,0.02
2025-08-27T06:51:36.685027,Teri2,CMP511,1,AppMode.QUIZ,motivation_plateau,PersistenceLevel.MAINTAINS_PERSISTENCE,0.004491838372236659,0.5,0.0,0,1,2.9885271500000004,0.0,3.2327272727272724,0.5,0.0,0.02
2025-08-27T06:52:01.550444,Teri2,CMP511,1,AppMode.QUIZ,motivation_plateau,PersistenceLevel.MAINTAINS_PERSISTENCE,-0.011485184652274022,0.5,0.0,1,0,3.4029509499999997,0.0,3.650909090909091,0.5,0.0,0.02
2025-08-27T06:52:31.567125,Teri2,CMP511,1,AppMode.QUIZ,motivation_plateau,PersistenceLevel.MAINTAINS_PERSISTENCE,-0.016671800990244207,0.5,0.0,0,1,3.9032329666666663,0.0,3.269090909090909,0.5,0.0,0.02
2025-08-27T06:52:52.130788,Teri2,CMP511,1,AppMode.QUIZ,motivation_plateau,PersistenceLevel.MAINTAINS_PERSISTENCE,0.19233811485489755,0.5,0.0,1,0,4.2459671,0.0,3.187272727272727,0.5,0.0,0.02
2025-08-27T06:54:05.389272,Teri2,CMP511,1,AppMode.QUIZ,motivation_plateau,PersistenceLevel.MAINTAINS_PERSISTENCE,0.014053413039847912,0.5,0.0,2,0,5.466924466666667,0.0,3.5054545454545454,0.5,0.0,0.02
2025-08-27T06:54:06.949642,Teri2,CMP511,1,AppMode.QUIZ,motivation_plateau,PersistenceLevel.MAINTAINS_PERSISTENCE,0.014618110449957112,0.5,0.0,2,0,5.492944266666667,0.0,3.5054545454545454,0.5,0.0,0.02
2025-08-27T06:55:04.097911,Teri2,CMP511,1,AppMode.QUIZ,motivation_plateau,PersistenceLevel.MAINTAINS_PERSISTENCE,0.07971392650188902,0.5,0.0,0,1,6.445417699999999,0.0,3.3236363636363633,0.5,0.0,0.02
2025-08-27T06:56:16.436444,Teri2,CMP511,1,AppMode.QUIZ,maintained_high,PersistenceLevel.ENHANCED_PERSISTENCE,0.3227241411085078,0.5,0.0,1,0,7.651058133333334,0.0,3.7418181818181817,0.5,0.0,0.02
2025-08-27T06:56:56.149788,Teri2,CMP511,1,AppMode.QUIZ,maintained_high,PersistenceLevel.ENHANCED_PERSISTENCE,-0.08858572198513051,0.5,0.0,0,1,8.31293765,0.0,3.36,0.5,0.0,0.02
2025-08-27T07:24:00.330094,Teri2,CMP511,1,AppMode.QUIZ,motivation_plateau,PersistenceLevel.MAINTAINS_PERSISTENCE,0.027401909529205706,0.5,0.0,0,0,0.00042335,0.0,3.28,0.5,0.0,0.02
2025-08-27T07:24:17.275218,Teri2,CMP511,1,AppMode.QUIZ,motivation_plateau,PersistenceLevel.MAINTAINS_PERSISTENCE,-0.09153021075164566,0.5,0.0,0,0,0.28289135,0.0,3.1781818181818178,0.5,0.0,0.02
2025-08-27T07:24:34.937387,Teri2,CMP511,1,AppMode.QUIZ,motivation_plateau,PersistenceLevel.MAINTAINS_PERSISTENCE,0.2299779235522261,0.5,0.0,1,0,0.5772167666666667,0.0,3.096363636363636,0.5,0.0,0.02
2025-08-27T08:09:50.079772,Teri2,CMP511,1,AppMode.TUTOR,motivation_plateau,PersistenceLevel.MAINTAINS_PERSISTENCE,0.03199904331625308,0.5,0.0,0,0,0.0007123333333333334,0.0,3.28,0.5,0.0,0.02
2025-08-27T08:09:57.567016,Teri2,CMP511,1,AppMode.QUIZ,motivation_plateau,PersistenceLevel.MAINTAINS_PERSISTENCE,0.008741035492872699,0.5,0.0,0,0,0.0005067333333333334,0.0,3.28,0.5,0.0,0.02
2025-08-27T08:10:29.333843,Teri2,CMP511,1,AppMode.QUIZ,motivation_plateau,PersistenceLevel.MAINTAINS_PERSISTENCE,-0.026329966766029896,0.5,0.0,0,0,0.5300034333333333,0.0,3.1781818181818178,0.5,0.0,0.02
2025-08-27T08:11:10.200515,Teri2,CMP511,1,AppMode.QUIZ,motivation_plateau,PersistenceLevel.MAINTAINS_PERSISTENCE,-0.22777137401250594,0.5,0.0,1,0,1.21110945,0.0,3.096363636363636,0.5,0.0,0.02
2025-08-27T08:11:35.574102,Teri2,CMP511,1,AppMode.QUIZ,motivation_plateau,PersistenceLevel.MAINTAINS_PERSISTENCE,0.0013293329266252818,0.5,0.0,2,0,1.6340104500000001,0.0,3.414545454545454,0.5,0.0,0.02
2025-08-27T08:11:59.828584,Teri2,CMP511,1,AppMode.QUIZ,motivation_plateau,PersistenceLevel.MAINTAINS_PERSISTENCE,-0.01696255432342278,0.5,0.0,0,1,2.0381797333333336,0.0,3.2327272727272724,0.5,0.0,0.02
2025-08-27T08:18:30.818819,Teri2,CMP511,1,AppMode.QUIZ,motivation_plateau,PersistenceLevel.MAINTAINS_PERSISTENCE,-0.06390978516489988,0.5,0.0,1,0,8.554700966666667,0.0,3.650909090909091,0.5,0.0,0.02
2025-08-27T08:19:18.232794,Teri2,CMP511,1,AppMode.QUIZ,motivation_plateau,PersistenceLevel.MAINTAINS_PERSISTENCE,-0.026691547787218658,0.5,0.0,2,0,9.344929233333334,0.0,3.269090909090909,0.5,0.0,0.02
2025-08-27T08:20:09.684165,Teri2,CMP511,1,AppMode.QUIZ,motivation_plateau,PersistenceLevel.MAINTAINS_PERSISTENCE,-0.2667204742689138,0.5,0.0,3,0,10.202452583333333,0.0,3.187272727272727,0.5,0.0,0.02
2025-08-27T08:20:35.371955,Teri2,CMP511,1,AppMode.QUIZ,motivation_plateau,PersistenceLevel.MAINTAINS_PERSISTENCE,-0.02983640228942639,0.5,0.0,0,1,10.630569616666666,0.0,3.5054545454545454,0.5,0.0,0.02
2025-08-27T08:21:07.001505,Teri2,CMP511,1,AppMode.QUIZ,motivation_plateau,PersistenceLevel.MAINTAINS_PERSISTENCE,-0.03232966110671053,0.5,0.0,1,0,11.157743516666667,0.0,3.3236363636363633,0.5,0.0,0.02
2025-08-27T08:24:02.125414,Teri2,CMP511,1,AppMode.QUIZ,maintained_high,PersistenceLevel.ENHANCED_PERSISTENCE,0.2664409703506264,0.5,0.0,2,0,14.076478150000002,0.0,3.7418181818181817,0.5,0.0,0.02
2025-08-27T08:24:07.254541,Teri2,CMP511,1,AppMode.QUIZ,maintained_high,PersistenceLevel.ENHANCED_PERSISTENCE,0.29286903079186855,0.5,0.0,2,0,14.161951649999999,0.0,3.7418181818181817,0.5,0.0,0.02
2025-08-27T08:24:52.337561,Teri2,CMP511,1,AppMode.QUIZ,maintained_high,PersistenceLevel.ENHANCED_PERSISTENCE,0.018433877078195535,0.5,0.0,3,0,14.913349466666666,0.0,3.36,0.5,0.0,0.02
2025-08-27T10:03:41.466609,Teri2,CMP511,1,AppMode.QUIZ,motivation_plateau,PersistenceLevel.MAINTAINS_PERSISTENCE,0.04124622518596429,0.5,0.0,0,0,0.00044691666666666664,0.0,3.28,0.5,0.0,0.02
2025-08-27T10:03:55.874976,Teri2,CMP511,1,AppMode.QUIZ,motivation_plateau,PersistenceLevel.MAINTAINS_PERSISTENCE,-0.07306716461600446,0.5,0.0,0,0,0.2406237,0.0,3.1781818181818178,0.5,0.0,0.02
2025-08-27T10:04:15.087874,Teri2,CMP511,1,AppMode.QUIZ,motivation_plateau,PersistenceLevel.MAINTAINS_PERSISTENCE,0.25367383510325203,0.5,0.0,1,0,0.5608449333333334,0.0,3.096363636363636,0.5,0.0,0.02
2025-08-27T10:04:37.666751,Teri2,CMP511,1,AppMode.QUIZ,motivation_plateau,PersistenceLevel.MAINTAINS_PERSISTENCE,0.04265246428346208,0.5,0.0,2,0,0.9371554,0.0,3.414545454545454,0.5,0.0,0.02
2025-08-27T10:05:00.735607,Teri2,CMP511,1,AppMode.QUIZ,motivation_plateau,PersistenceLevel.MAINTAINS_PERSISTENCE,0.022635138962789556,0.5,0.0,3,0,1.3216127666666668,0.0,3.2327272727272724,0.5,0.0,0.02
2025-08-27T10:06:02.694716,Teri2,CMP511,1,AppMode.QUIZ,motivation_plateau,PersistenceLevel.MAINTAINS_PERSISTENCE,0.005278932221249387,0.5,0.0,4,0,2.3542890666666665,0.0,3.650909090909091,0.5,0.0,0.02
2025-08-27T10:06:52.581338,Teri2,CMP511,1,AppMode.QUIZ,motivation_plateau,PersistenceLevel.MAINTAINS_PERSISTENCE,0.020093856476379887,0.5,0.0,5,0,3.185733433333333,0.0,3.269090909090909,0.5,0.0,0.02
2025-08-27T10:07:32.938674,Teri2,CMP511,1,AppMode.QUIZ,motivation_plateau,PersistenceLevel.MAINTAINS_PERSISTENCE,0.23754673816377064,0.5,0.0,0,1,3.8583608833333334,0.0,3.187272727272727,0.5,0.0,0.02
2025-08-27T10:08:08.489527,Teri2,CMP511,1,AppMode.QUIZ,motivation_plateau,PersistenceLevel.MAINTAINS_PERSISTENCE,0.026256570408612123,0.5,0.0,1,0,4.450873866666667,0.0,3.5054545454545454,0.5,0.0,0.02
2025-08-27T10:09:24.463893,Teri2,CMP511,1,AppMode.QUIZ,motivation_plateau,PersistenceLevel.MAINTAINS_PERSISTENCE,-0.021208947255222026,0.5,0.0,0,1,5.7171099,0.0,3.3236363636363633,0.5,0.0,0.02
2025-08-27T10:11:31.026095,Teri2,CMP511,1,AppMode.QUIZ,maintained_high,PersistenceLevel.ENHANCED_PERSISTENCE,0.04560403866784987,0.5,0.0,1,0,7.826311083333334,0.0,3.7418181818181817,0.5,0.0,0.02
2025-08-27T10:12:57.801537,Teri2,CMP511,1,AppMode.QUIZ,maintained_high,PersistenceLevel.ENHANCED_PERSISTENCE,-0.06533661948308876,0.5,0.0,2,0,9.272708383333333,0.0,3.36,0.5,0.0,0.02
2025-08-27T10:15:29.373099,Teri2,CMP511,2,AppMode.QUIZ,motivation_plateau,PersistenceLevel.MAINTAINS_PERSISTENCE,0.017828942440153747,0.5,0.0,0,0,0.0004405333333333333,0.0,3.28,0.5,0.0,0.02
2025-08-27T10:19:16.952972,Teri2,CMP511,1,AppMode.QUIZ,motivation_plateau,PersistenceLevel.MAINTAINS_PERSISTENCE,0.00025151878226439605,0.5,0.0,0,0,0.0004356166666666667,0.0,3.28,0.5,0.0,0.02
2025-08-27T10:19:28.928620,Teri2,CMP511,1,AppMode.QUIZ,motivation_plateau,PersistenceLevel.MAINTAINS_PERSISTENCE,-0.0018288853478434224,0.5,0.0,0,0,0.20005626666666665,0.0,3.1781818181818178,0.5,0.0,0.02
2025-08-27T10:19:48.633402,Teri2,CMP511,1,AppMode.QUIZ,motivation_plateau,PersistenceLevel.MAINTAINS_PERSISTENCE,0.20972151960474686,0.5,0.0,1,0,0.5284837333333333,0.0,3.096363636363636,0.5,0.0,0.02
2025-08-27T10:20:34.909984,Teri2,CMP511,1,AppMode.QUIZ,motivation_plateau,PersistenceLevel.MAINTAINS_PERSISTENCE,0.012850918079698626,0.5,0.0,2,0,1.2997385333333333,0.0,3.414545454545454,0.5,0.0,0.02
2025-08-27T10:21:01.733963,Teri2,CMP511,1,AppMode.QUIZ,motivation_plateau,PersistenceLevel.MAINTAINS_PERSISTENCE,0.019105921084721617,0.5,0.0,3,0,1.7468243833333332,0.0,3.2327272727272724,0.5,0.0,0.02
2025-08-27T10:22:54.610735,Teri2,CMP511,1,AppMode.QUIZ,motivation_plateau,PersistenceLevel.MAINTAINS_PERSISTENCE,0.030041412709620387,0.5,0.0,4,0,3.6281036666666666,0.0,3.650909090909091,0.5,0.0,0.02
2025-08-27T10:41:31.861599,Teri2,CMP511,1,AppMode.QUIZ,motivation_plateau,PersistenceLevel.MAINTAINS_PERSISTENCE,0.02159127089047553,0.5,0.0,0,0,0.00042009999999999997,0.0,3.28,0.5,0.0,0.02
2025-08-27T10:41:52.528620,Teri2,CMP511,1,AppMode.QUIZ,motivation_plateau,PersistenceLevel.MAINTAINS_PERSISTENCE,-0.09653511661045895,0.5,0.0,0,0,0.34490281666666667,0.0,3.1781818181818178,0.5,0.0,0.02
2025-08-27T10:42:07.973274,Teri2,CMP511,1,AppMode.QUIZ,motivation_plateau,PersistenceLevel.MAINTAINS_PERSISTENCE,0.20896435249232456,0.5,0.0,1,0,0.6023159666666668,0.0,3.096363636363636,0.5,0.0,0.02
2025-08-27T10:42:38.655638,Teri2,CMP511,1,AppMode.QUIZ,motivation_plateau,PersistenceLevel.MAINTAINS_PERSISTENCE,0.014653427245334652,0.5,0.0,2,0,1.1136914333333332,0.0,3.414545454545454,0.5,0.0,0.02
2025-08-27T10:43:02.835888,Teri2,CMP511,1,AppMode.QUIZ,motivation_plateau,PersistenceLevel.MAINTAINS_PERSISTENCE,0.014297227738183694,0.5,0.0,3,0,1.5166874833333333,0.0,3.2327272727272724,0.5,0.0,0.02
2025-08-27T10:43:39.869798,Teri2,CMP511,1,AppMode.QUIZ,motivation_plateau,PersistenceLevel.MAINTAINS_PERSISTENCE,0.03720435960713543,0.5,0.0,4,0,2.1339246666666667,0.0,3.650909090909091,0.5,0.0,0.02
2025-08-27T10:44:38.935501,Teri2,CMP511,1,AppMode.QUIZ,motivation_plateau,PersistenceLevel.MAINTAINS_PERSISTENCE,0.014286740037801554,0.5,0.0,5,0,3.118353083333333,0.0,3.269090909090909,0.5,0.0,0.02
2025-08-27T10:47:09.072428,Teri2,CMP511,1,AppMode.QUIZ,motivation_plateau,PersistenceLevel.MAINTAINS_PERSISTENCE,0.2331524885696624,0.5,0.0,0,1,5.620611616666666,0.0,3.187272727272727,0.5,0.0,0.02
2025-08-27T10:47:34.644081,Teri2,CMP511,1,AppMode.QUIZ,motivation_plateau,PersistenceLevel.MAINTAINS_PERSISTENCE,0.02508753945584942,0.5,0.0,1,0,6.046824633333333,0.0,3.5054545454545454,0.5,0.0,0.02
2025-08-27T10:49:43.601263,Teri2,CMP511,1,AppMode.QUIZ,motivation_plateau,PersistenceLevel.MAINTAINS_PERSISTENCE,0.03020798271840488,0.5,0.0,0,1,8.196109966666667,0.0,3.3236363636363633,0.5,0.0,0.02
2025-08-27T10:50:11.868879,Teri2,CMP511,1,AppMode.QUIZ,maintained_high,PersistenceLevel.ENHANCED_PERSISTENCE,0.05136179549777497,0.5,0.0,1,0,8.667093,0.0,3.7418181818181817,0.5,0.0,0.02
2025-08-27T10:50:53.430779,Teri2,CMP511,1,AppMode.QUIZ,maintained_high,PersistenceLevel.ENHANCED_PERSISTENCE,-0.07167227629764053,0.5,0.0,2,0,9.35994255,0.0,3.36,0.5,0.0,0.02
2025-08-27T12:41:26.458886,Teri2,CMP511,1,AppMode.TUTOR,motivation_plateau,PersistenceLevel.MAINTAINS_PERSISTENCE,0.021451002395524096,0.5,0.0,0,0,0.0007263333333333334,0.0,3.28,0.5,0.0,0.02
2025-08-27T12:41:53.920187,Teri2,CMP511,1,AppMode.TUTOR,motivation_plateau,PersistenceLevel.MAINTAINS_PERSISTENCE,0.13001488350159301,0.5,0.0,0,0,0.4554412666666667,0.0,3.28,0.5,0.0,0.02
2025-08-27T12:51:36.401965,Teri2,CMP511,1,AppMode.QUIZ,motivation_plateau,PersistenceLevel.MAINTAINS_PERSISTENCE,0.012909071025252515,0.5,0.0,0,0,0.00042848333333333333,0.0,3.28,0.5,0.0,0.02
2025-08-27T12:57:32.455238,Teri2,CMP511,4,AppMode.QUIZ,motivation_plateau,PersistenceLevel.MAINTAINS_PERSISTENCE,0.011525158089800326,0.5,0.0,0,0,0.00042568333333333337,0.0,3.28,0.5,0.0,0.02
2025-08-27T13:03:14.184016,Teri2,CMP511,3,AppMode.QUIZ,motivation_plateau,PersistenceLevel.MAINTAINS_PERSISTENCE,0.008338227097162355,0.5,0.0,0,0,0.0007514500000000001,0.0,3.28,0.5,0.0,0.02
2025-08-27T13:03:38.487351,Teri2,CMP511,3,AppMode.QUIZ,motivation_plateau,PersistenceLevel.MAINTAINS_PERSISTENCE,0.014739067368746587,0.5,0.0,0,0,0.40577504999999997,0.0,3.17,0.5,0.0,0.02
2025-08-27T13:03:59.387091,Teri2,CMP511,3,AppMode.QUIZ,motivation_plateau,PersistenceLevel.MAINTAINS_PERSISTENCE,0.22420211256660438,0.5,0.0,1,0,0.7541018166666666,0.0,3.08,0.5,0.0,0.02
2025-08-27T13:04:38.397252,Teri2,CMP511,3,AppMode.QUIZ,motivation_plateau,PersistenceLevel.MAINTAINS_PERSISTENCE,0.2617370908918053,0.5,0.0,2,0,1.4043355333333334,0.0,3.3899999999999997,0.5,0.0,0.02
2025-08-27T13:04:59.195061,Teri2,CMP511,3,AppMode.QUIZ,motivation_plateau,PersistenceLevel.MAINTAINS_PERSISTENCE,0.041643332481129516,0.5,0.0,3,0,1.75097445,0.0,3.1999999999999997,0.5,0.0,0.02
2025-08-27T13:05:28.124614,Teri2,CMP511,3,AppMode.QUIZ,motivation_plateau,PersistenceLevel.MAINTAINS_PERSISTENCE,0.04405278643243585,0.5,0.0,4,0,2.2330896,0.0,3.61,0.5,0.0,0.02
2025-08-27T13:10:50.724505,Teri2,CMP511,1,AppMode.TUTOR,motivation_plateau,PersistenceLevel.MAINTAINS_PERSISTENCE,0.046909951179257725,0.5,0.0,0,0,0.0004137333333333333,0.0,3.28,0.5,0.0,0.02
2025-08-27T13:13:30.897388,Teri2,CMP511,5,AppMode.TUTOR,motivation_plateau,PersistenceLevel.MAINTAINS_PERSISTENCE,0.04948362188409862,0.5,0.0,0,0,0.00041361666666666665,0.0,3.28,0.5,0.0,0.02
2025-08-29T12:37:36.143208,User1,PSY555,1,AppMode.QUIZ,cold_start,PersistenceLevel.MAINTAINS_PERSISTENCE,0.0,0.5,0.0,0,0,0.0007487166666666666,0.0,3.28,0.5,0.0,0.02
2025-08-29T12:37:48.912975,User1,PSY555,1,AppMode.QUIZ,cold_start,PersistenceLevel.MAINTAINS_PERSISTENCE,0.0,0.5,0.0,0,0,0.21359028333333333,0.0,3.1781818181818178,0.5,0.0,0.02
2025-08-29T12:38:12.446456,User1,PSY555,1,AppMode.QUIZ,cold_start,PersistenceLevel.MAINTAINS_PERSISTENCE,0.21,0.5,0.0,1,0,0.6058087166666667,0.0,3.096363636363636,0.5,0.0,0.02
2025-08-29T12:39:04.220342,User1,PSY555,1,AppMode.QUIZ,cold_start,PersistenceLevel.MAINTAINS_PERSISTENCE,0.027999999999999997,0.5,0.0,0,1,1.4687206666666666,0.0,3.414545454545454,0.5,0.0,0.02
2025-08-29T12:39:51.262083,User1,PSY555,1,AppMode.QUIZ,motivation_plateau,PersistenceLevel.MAINTAINS_PERSISTENCE,0.2238,0.5,0.0,0,2,2.2527479833333337,0.0,3.2327272727272724,0.5,0.0,0.02
2025-08-29T12:40:31.934985,User1,PSY555,1,AppMode.QUIZ,motivation_plateau,PersistenceLevel.MAINTAINS_PERSISTENCE,0.036944,0.5,0.0,1,0,2.930633466666667,0.0,3.650909090909091,0.5,0.0,0.02
2025-08-29T12:41:28.343166,User1,PSY555,1,AppMode.QUIZ,motivation_plateau,PersistenceLevel.MAINTAINS_PERSISTENCE,0.24989951999999999,0.5,0.0,0,1,3.87061425,0.0,3.269090909090909,0.5,0.0,0.02
2025-08-29T12:41:49.402299,User1,PSY555,1,AppMode.QUIZ,motivation_plateau,PersistenceLevel.MAINTAINS_PERSISTENCE,-0.18010851840000006,0.5,0.0,1,0,4.2217476,0.0,3.187272727272727,0.5,0.0,0.02
2025-08-29T12:42:11.729915,User1,PSY555,1,AppMode.QUIZ,motivation_plateau,PersistenceLevel.MAINTAINS_PERSISTENCE,0.028682800127999987,0.5,0.0,0,1,4.593868033333334,0.0,3.5054545454545454,0.5,0.0,0.02
2025-08-29T12:42:38.040855,User1,PSY555,1,AppMode.QUIZ,motivation_plateau,PersistenceLevel.MAINTAINS_PERSISTENCE,0.028737424138239986,0.5,0.0,0,2,5.032390983333333,0.0,3.3236363636363633,0.5,0.0,0.02
2025-08-29T12:43:32.693785,User1,PSY555,1,AppMode.QUIZ,maintained_high,PersistenceLevel.ENHANCED_PERSISTENCE,0.013132418069299191,0.5,0.0,1,0,5.943275,0.0,3.7418181818181817,0.5,0.0,0.02
2025-08-29T12:44:08.439146,User1,PSY555,1,AppMode.QUIZ,maintained_high,PersistenceLevel.ENHANCED_PERSISTENCE,0.011227491514843127,0.5,0.0,0,1,6.539019083333333,0.0,3.36,0.5,0.0,0.02
2025-08-29T12:44:43.652512,User1,PSY555,4,AppMode.TUTOR,motivation_plateau,PersistenceLevel.MAINTAINS_PERSISTENCE,-0.007866270763969422,0.5,0.0,0,0,0.0004307,0.0,3.28,0.5,0.0,0.02
2025-08-29T12:45:32.439161,User1,PSY555,4,AppMode.TUTOR,motivation_plateau,PersistenceLevel.MAINTAINS_PERSISTENCE,0.0059131090469130305,0.5,0.0,0,0,0.81101325,0.0,3.3699999999999997,0.5,0.0,0.02
2025-08-29T16:56:39.824519,User1,PSY555,4,AppMode.QUIZ,motivation_plateau,PersistenceLevel.MAINTAINS_PERSISTENCE,0.004091533760426073,0.5,0.0,0,0,0.00044095,0.0,3.28,0.5,0.0,0.02
2025-08-29T16:57:11.837948,User1,PSY555,4,AppMode.QUIZ,motivation_plateau,PersistenceLevel.MAINTAINS_PERSISTENCE,0.052119862530200955,0.5,0.0,0,0,0.5339532166666667,0.0,3.1849999999999996,0.5,0.0,0.02
2025-08-29T16:57:36.325695,User1,PSY555,4,AppMode.QUIZ,motivation_plateau,PersistenceLevel.MAINTAINS_PERSISTENCE,0.2152388580870731,0.5,0.0,1,0,0.9421422166666668,0.0,3.11,0.5,0.0,0.02
2025-08-29T16:58:01.854869,User1,PSY555,4,AppMode.QUIZ,motivation_plateau,PersistenceLevel.MAINTAINS_PERSISTENCE,0.0215597674128515,0.5,0.0,2,0,1.3676194666666668,0.0,3.4349999999999996,0.5,0.0,0.02
2025-08-29T16:59:00.704403,User1,PSY555,4,AppMode.QUIZ,motivation_plateau,PersistenceLevel.MAINTAINS_PERSISTENCE,0.023913850466997174,0.5,0.0,3,0,2.3484432333333336,0.0,3.26,0.5,0.0,0.02
2025-08-29T17:01:30.739897,User1,PSY555,4,AppMode.QUIZ,motivation_plateau,PersistenceLevel.MAINTAINS_PERSISTENCE,0.1239253383520325,0.5,0.0,0,1,4.849034616666667,0.0,3.6849999999999996,0.5,0.0,0.02
2025-08-29T17:01:55.865665,User1,PSY555,4,AppMode.QUIZ,motivation_plateau,PersistenceLevel.MAINTAINS_PERSISTENCE,0.03494061414793242,0.5,0.0,1,0,5.267786266666667,0.0,3.3099999999999996,0.5,0.0,0.02
2025-08-29T17:02:44.864420,User1,PSY555,4,AppMode.QUIZ,motivation_plateau,PersistenceLevel.MAINTAINS_PERSISTENCE,0.24356627427735095,0.5,0.0,2,0,6.084443133333334,0.0,3.235,0.5,0.0,0.02
2025-08-29T17:03:05.441384,User1,PSY555,4,AppMode.QUIZ,maintained_high,PersistenceLevel.ENHANCED_PERSISTENCE,0.03583246757257316,0.5,0.0,3,0,6.4273940000000005,0.0,3.5599999999999996,0.5,0.0,0.02
2025-08-29T17:09:49.635075,User3,PSY555,3,AppMode.QUIZ,cold_start,PersistenceLevel.MAINTAINS_PERSISTENCE,0.0,0.5,0.0,0,0,0.00043393333333333333,0.0,3.28,0.5,0.0,0.02
2025-08-29T17:10:40.243184,User3,PSY555,3,AppMode.QUIZ,cold_start,PersistenceLevel.MAINTAINS_PERSISTENCE,0.0,0.5,0.0,0,0,0.8439258666666666,0.0,3.2266666666666666,0.5,0.0,0.02
2025-08-29T17:11:07.162053,User3,PSY555,3,AppMode.QUIZ,cold_start,PersistenceLevel.MAINTAINS_PERSISTENCE,0.21,0.5,0.0,1,0,1.29257315,0.0,3.1933333333333334,0.5,0.0,0.02
2025-08-29T17:12:00.264878,User3,PSY555,3,AppMode.QUIZ,cold_start,PersistenceLevel.ENHANCED_PERSISTENCE,0.027999999999999997,0.5,0.0,2,0,2.177614183333333,0.0,3.5599999999999996,0.5,0.0,0.02
2025-08-29T17:12:50.704758,User3,CMP511,1,AppMode.TUTOR,cold_start,PersistenceLevel.MAINTAINS_PERSISTENCE,0.0,0.5,0.0,0,0,0.0004311,0.0,3.28,0.5,0.0,0.02
2025-08-29T17:15:17.427228,User3,CMP511,1,AppMode.TUTOR,cold_start,PersistenceLevel.MAINTAINS_PERSISTENCE,0.06972222222222223,0.5,0.0,0,0,2.4426054833333333,0.0,4.279999999999999,0.5,0.0,0.02
2025-08-29T17:16:43.601475,User3,CMP511,1,AppMode.TUTOR,cold_start,PersistenceLevel.MAINTAINS_PERSISTENCE,0.3139444444444444,0.5,0.0,0,0,3.8788320166666663,0.0,3.28,0.5,0.0,0.02
2025-08-29T17:17:53.965917,User3,CMP511,2,AppMode.TUTOR,cold_start,PersistenceLevel.MAINTAINS_PERSISTENCE,0.05115555555555556,0.5,0.0,0,0,0.00043351666666666664,0.0,3.28,0.5,0.0,0.02
